id,name,active,model_id,created_at,updated_at
1000,300,t,519,2017-05-02 14:09:24+02,2017-05-08 09:00:04+02
1001,430,t,519,2017-05-02 14:09:24+02,2017-05-08 09:00:04+02
1002,MC Stradale,t,542,2017-05-02 14:09:24+02,2017-05-02 14:09:24+02
1009,A45,t,576,2017-05-02 14:09:24+02,2017-05-08 09:00:04+02
1014,B63,t,578,2017-05-02 14:09:24+02,2017-05-16 15:55:00.836+02
1027,C43,t,580,2017-05-02 14:09:24+02,2017-05-08 09:00:04+02
1033,CLA45,t,583,2017-05-02 14:09:24+02,2017-05-08 09:00:04+02
1034,CLA63,t,583,2017-05-02 14:09:24+02,2017-05-08 09:00:04+02
1038,CL550,t,581,2017-05-02 14:09:24+02,2017-05-08 09:00:04+02
1042,CL750,t,581,2017-05-02 14:09:24+02,2017-05-08 09:00:04+02
1043,CLK200,t,585,2017-05-02 14:09:24+02,2017-05-08 09:00:04+02
1044,CLK230,t,585,2017-05-02 14:09:24+02,2017-05-08 09:00:04+02
1045,CLK240,t,585,2017-05-02 14:09:24+02,2017-05-08 09:00:04+02
1046,CLK280,t,585,2017-05-02 14:09:24+02,2017-05-08 09:00:04+02
1047,CLK300,t,585,2017-05-02 14:09:24+02,2017-05-08 09:00:04+02
1048,CLK320,t,585,2017-05-02 14:09:24+02,2017-05-08 09:00:04+02
1049,CLK350,t,585,2017-05-02 14:09:24+02,2017-05-08 09:00:04+02
105,"",t,871,2017-05-02 14:09:25+02,2017-05-02 14:09:25+02
1050,CLK430,t,585,2017-05-02 14:09:24+02,2017-05-08 09:00:04+02
1051,CLK500,t,585,2017-05-02 14:09:24+02,2017-05-08 09:00:04+02
1056,CLS300,t,587,2017-05-02 14:09:24+02,2017-05-08 09:00:04+02
1060,CLS550,t,587,2017-05-02 14:09:24+02,2017-05-08 09:00:04+02
121,"",t,184,2017-05-02 14:09:23+02,2018-08-30 18:17:06.23172+02
103,"",t,446,2017-05-02 14:09:26+02,2018-08-30 18:18:31.019412+02
1004,5,t,565,2017-05-02 14:09:24+02,2018-08-30 18:19:02.979754+02
1005,12C,t,572,2017-05-02 14:09:24+02,2018-08-30 18:19:06.000078+02
1006,A150,t,576,2017-05-02 14:09:24+02,2018-08-30 18:19:08.580063+02
1007,A180,t,576,2017-05-02 14:09:24+02,2018-08-30 18:19:09.039632+02
1008,A250,t,576,2017-05-02 14:09:24+02,2018-08-30 18:19:09.441741+02
1010,B150,t,578,2017-05-02 14:09:24+02,2018-08-30 18:19:09.840181+02
1011,B160,t,578,2017-05-02 14:09:24+02,2018-08-30 18:19:10.307008+02
1012,B170,t,578,2017-05-02 14:09:24+02,2018-08-30 18:19:10.719537+02
1013,B200,t,578,2017-05-02 14:09:24+02,2018-08-30 18:19:11.120037+02
1015,C180,t,580,2017-05-02 14:09:24+02,2018-08-30 18:19:11.499917+02
1016,C200,t,580,2017-05-02 14:09:24+02,2018-08-30 18:19:11.93965+02
1017,C220,t,580,2017-05-02 14:09:24+02,2018-08-30 18:19:12.327676+02
1018,C230,t,580,2017-05-02 14:09:24+02,2018-08-30 18:19:12.740014+02
1019,C240,t,580,2017-05-02 14:09:24+02,2018-08-30 18:19:13.119779+02
1020,C250,t,580,2017-05-02 14:09:24+02,2018-08-30 18:19:13.520036+02
1021,C280,t,580,2017-05-02 14:09:24+02,2018-08-30 18:19:13.920169+02
1022,C300,t,580,2017-05-02 14:09:24+02,2018-08-30 18:19:14.299927+02
1023,C32,t,580,2017-05-02 14:09:24+02,2018-08-30 18:19:14.699963+02
1024,C320,t,580,2017-05-02 14:09:24+02,2018-08-30 18:19:15.099616+02
1025,C350,t,580,2017-05-02 14:09:24+02,2018-08-30 18:19:15.487102+02
1026,C400,t,580,2017-05-02 14:09:24+02,2018-08-30 18:19:15.902118+02
1028,C450,t,580,2017-05-02 14:09:24+02,2018-08-30 18:19:16.439875+02
1029,C55,t,580,2017-05-02 14:09:24+02,2018-08-30 18:19:16.900114+02
1036,CL500,t,581,2017-05-02 14:09:24+02,2018-08-30 18:19:17.659894+02
1037,CL55,t,581,2017-05-02 14:09:24+02,2018-08-30 18:19:18.060125+02
1039,CL600,t,581,2017-05-02 14:09:24+02,2018-08-30 18:19:18.43975+02
1040,CL63,t,581,2017-05-02 14:09:24+02,2018-08-30 18:19:18.899935+02
1041,CL65,t,581,2017-05-02 14:09:24+02,2018-08-30 18:19:19.299953+02
1031,CLA200,t,583,2017-05-02 14:09:24+02,2018-08-30 18:19:20.561538+02
1032,CLA250,t,583,2017-05-02 14:09:24+02,2018-08-30 18:19:20.960835+02
1035,CLC200,t,584,2017-05-02 14:09:24+02,2018-08-30 18:19:21.339879+02
1052,CLK55,t,585,2017-05-02 14:09:24+02,2018-08-30 18:19:21.88042+02
1053,CLK63,t,585,2017-05-02 14:09:24+02,2018-08-30 18:19:22.80004+02
1054,CLS350,t,587,2017-05-02 14:09:24+02,2018-08-30 18:19:23.619571+02
1055,CLS280,t,587,2017-05-02 14:09:24+02,2018-08-30 18:19:24.019951+02
1057,CLS400,t,587,2017-05-02 14:09:24+02,2018-08-30 18:19:24.420164+02
1058,CLS500,t,587,2017-05-02 14:09:24+02,2018-08-30 18:19:24.879834+02
1059,CLS55,t,587,2017-05-02 14:09:24+02,2018-08-30 18:19:25.299958+02
1061,CLS63,t,587,2017-05-02 14:09:24+02,2018-08-30 18:19:25.680061+02
1062,E200,t,591,2017-05-02 14:09:24+02,2018-08-30 18:19:26.540076+02
1063,E220,t,591,2017-05-02 14:09:24+02,2018-08-30 18:19:26.940176+02
1064,E230,t,591,2017-05-02 14:09:24+02,2018-08-30 18:19:27.320047+02
1065,E240,t,591,2017-05-02 14:09:24+02,2018-08-30 18:19:27.719884+02
1066,E250,t,591,2017-05-02 14:09:24+02,2018-08-30 18:19:28.127721+02
1067,E280,t,591,2017-05-02 14:09:24+02,2018-08-30 18:19:28.540023+02
100,"",t,647,2017-05-02 14:09:24+02,2018-08-30 18:20:05.159733+02
10,"",t,659,2017-05-02 14:09:24+02,2018-08-30 18:20:07.18005+02
1,"",t,680,2017-05-02 14:09:24+02,2018-08-30 18:20:13.406967+02
104,"",t,765,2017-05-02 14:09:24+02,2018-08-30 18:20:39.860031+02
106,"",t,842,2017-05-02 14:09:24+02,2018-08-30 18:20:57.260053+02
1073,E45,t,591,2017-05-02 14:09:24+02,2017-05-08 09:00:05+02
1086,G800,t,597,2017-05-02 14:09:24+02,2017-05-08 09:00:05+02
1087,BA3,t,597,2017-05-02 14:09:24+02,2017-05-08 09:00:05+02
1088,G700,t,597,2017-05-02 14:09:24+02,2017-05-08 09:00:05+02
1089,GB63,t,597,2017-05-02 14:09:24+02,2017-05-08 09:00:05+02
1094,GL55,t,598,2017-05-02 14:09:24+02,2017-05-08 09:00:05+02
1095,GL550,t,598,2017-05-02 14:09:24+02,2017-05-08 09:00:05+02
1098,GLA45,t,1159,2017-05-02 14:09:24+02,2017-05-02 14:09:24+02
1103,GLE43,t,599,2017-05-02 14:09:24+02,2018-01-29 11:30:08.323+01
1105,GLE500,t,599,2017-05-02 14:09:24+02,2018-03-26 10:03:04.734+02
1112,GLK500,t,600,2017-05-02 14:09:24+02,2017-05-08 09:00:05+02
1113,ML320,t,601,2017-05-02 14:09:24+02,2017-05-08 09:00:05+02
1114,ML350,t,601,2017-05-02 14:09:24+02,2017-05-08 09:00:05+02
1115,ML400,t,601,2017-05-02 14:09:24+02,2017-05-08 09:00:05+02
1116,ML420,t,601,2017-05-02 14:09:24+02,2017-05-08 09:00:05+02
1117,ML500,t,601,2017-05-02 14:09:24+02,2017-05-08 09:00:05+02
1118,ML55,t,601,2017-05-02 14:09:24+02,2017-05-08 09:00:05+02
1119,ML550,t,601,2017-05-02 14:09:24+02,2017-05-08 09:00:05+02
1120,ML63,t,601,2017-05-02 14:09:24+02,2017-05-08 09:00:05+02
1125,S65,t,607,2017-05-02 14:09:24+02,2017-05-08 09:00:05+02
113,"",t,484,2017-05-02 14:09:24+02,2017-05-02 14:09:24+02
1135,S550,t,607,2017-05-02 14:09:24+02,2017-05-08 09:00:05+02
112,"",t,90,2017-05-02 14:09:23+02,2018-08-30 18:16:50.23887+02
1097,GLA250,t,1159,2017-05-02 14:09:24+02,2018-08-30 18:19:07.280278+02
1099,GLC250,t,1167,2017-05-02 14:09:24+02,2018-08-30 18:19:07.719792+02
1068,E300,t,591,2017-05-02 14:09:24+02,2018-08-30 18:19:28.940072+02
1069,E320,t,591,2017-05-02 14:09:24+02,2018-08-30 18:19:29.340572+02
1070,E350,t,591,2017-05-02 14:09:24+02,2018-08-30 18:19:29.740155+02
1071,E400,t,591,2017-05-02 14:09:24+02,2018-08-30 18:19:30.119726+02
1072,E430,t,591,2017-05-02 14:09:24+02,2018-08-30 18:19:30.520066+02
1074,E500,t,591,2017-05-02 14:09:24+02,2018-08-30 18:19:30.94015+02
1075,E55,t,591,2017-05-02 14:09:24+02,2018-08-30 18:19:31.399783+02
1076,E550,t,591,2017-05-02 14:09:24+02,2018-08-30 18:19:31.808759+02
1077,E63,t,591,2017-05-02 14:09:24+02,2018-08-30 18:19:32.259842+02
1078,G280,t,597,2017-05-02 14:09:24+02,2018-08-30 18:19:32.660095+02
1079,G320,t,597,2017-05-02 14:09:24+02,2018-08-30 18:19:33.059898+02
1080,G350,t,597,2017-05-02 14:09:24+02,2018-08-30 18:19:33.447365+02
1081,G400,t,597,2017-05-02 14:09:24+02,2018-08-30 18:19:33.839655+02
1083,G55,t,597,2017-05-02 14:09:24+02,2018-08-30 18:19:34.640041+02
1085,G65,t,597,2017-05-02 14:09:24+02,2018-08-30 18:19:35.439881+02
1090,GL350,t,598,2017-05-02 14:09:24+02,2018-08-30 18:19:36.459983+02
1091,GL400,t,598,2017-05-02 14:09:24+02,2018-08-30 18:19:36.859927+02
1092,GL450,t,598,2017-05-02 14:09:24+02,2018-08-30 18:19:37.239936+02
1093,GL500,t,598,2017-05-02 14:09:24+02,2018-08-30 18:19:37.639798+02
1096,GL63,t,598,2017-05-02 14:09:24+02,2018-08-30 18:19:38.0599+02
1100,GLE250,t,599,2017-05-02 14:09:24+02,2018-08-30 18:19:38.579706+02
1101,GLE350,t,599,2017-05-02 14:09:24+02,2018-08-30 18:19:38.979709+02
1104,GLE450,t,599,2017-05-02 14:09:24+02,2018-08-30 18:19:39.759858+02
1102,GLE400,t,599,2017-05-02 14:09:24+02,2018-08-30 18:19:39.359916+02
1107,GLK250,t,600,2017-05-02 14:09:24+02,2018-08-30 18:19:40.700409+02
1108,GLK280,t,600,2017-05-02 14:09:24+02,2018-08-30 18:19:41.099955+02
1109,GLK300,t,600,2017-05-02 14:09:24+02,2018-08-30 18:19:41.479417+02
1110,GLK320,t,600,2017-05-02 14:09:24+02,2018-08-30 18:19:41.879695+02
1111,GLK350,t,600,2017-05-02 14:09:24+02,2018-08-30 18:19:42.279917+02
1121,R280,t,604,2017-05-02 14:09:24+02,2018-08-30 18:19:42.699627+02
1122,R300,t,604,2017-05-02 14:09:24+02,2018-08-30 18:19:43.679622+02
1123,R350,t,604,2017-05-02 14:09:24+02,2018-08-30 18:19:44.079655+02
1124,R500,t,604,2017-05-02 14:09:24+02,2018-08-30 18:19:44.488162+02
1126,S230,t,607,2017-05-02 14:09:24+02,2018-08-30 18:19:44.880173+02
1127,S280,t,607,2017-05-02 14:09:24+02,2018-08-30 18:19:45.339927+02
1128,S300,t,607,2017-05-02 14:09:24+02,2018-08-30 18:19:45.719785+02
1129,S320,t,607,2017-05-02 14:09:24+02,2018-08-30 18:19:46.120131+02
1130,S350,t,607,2017-05-02 14:09:24+02,2018-08-30 18:19:46.51973+02
1131,S400,t,607,2017-05-02 14:09:24+02,2018-08-30 18:19:46.92764+02
1132,S430,t,607,2017-05-02 14:09:24+02,2018-08-30 18:19:47.319392+02
1133,S500,t,607,2017-05-02 14:09:24+02,2018-08-30 18:19:47.699787+02
1134,S55,t,607,2017-05-02 14:09:24+02,2018-08-30 18:19:48.099442+02
1136,S600,t,607,2017-05-02 14:09:24+02,2018-08-30 18:19:48.499574+02
107,"",t,888,2017-05-02 14:09:25+02,2018-08-30 18:21:11.059917+02
1106,GLE63,t,599,2017-05-02 14:09:24+02,2018-08-30 18:19:40.219861+02
1143,SL550,t,610,2017-05-02 14:09:24+02,2017-05-08 09:00:05+02
1144,SL560,t,610,2017-05-02 14:09:24+02,2017-05-08 09:00:05+02
1145,SL60,t,610,2017-05-02 14:09:24+02,2017-05-08 09:00:05+02
1158,SLS63,t,614,2017-05-02 14:09:24+02,2017-05-08 09:00:05+02
1162,S,t,667,2017-05-02 14:09:24+02,2017-05-08 09:00:05+02
1163,SL,t,667,2017-05-02 14:09:24+02,2017-05-08 09:00:05+02
1164,SV,t,667,2017-05-02 14:09:24+02,2017-05-08 09:00:05+02
1165,SR,t,667,2017-05-02 14:09:24+02,2017-05-08 09:00:05+02
1166,LE,t,668,2017-05-02 14:09:24+02,2017-05-08 09:00:05+02
1167,SE,t,668,2017-05-02 14:09:24+02,2017-05-08 09:00:05+02
1168,SL,t,673,2017-05-02 14:09:24+02,2017-05-08 09:00:05+02
1169,SV,t,673,2017-05-02 14:09:24+02,2017-05-08 09:00:05+02
117,"",f,226,2017-05-02 14:09:26+02,2017-05-08 09:00:05+02
1170,SR,t,676,2017-05-02 14:09:24+02,2017-05-08 09:00:05+02
1171,SV,t,676,2017-05-02 14:09:24+02,2017-05-08 09:00:05+02
1172,LE,t,678,2017-05-02 14:09:24+02,2017-05-08 09:00:05+02
1173,SL,t,678,2017-05-02 14:09:24+02,2017-05-08 09:00:05+02
1174,SV,t,678,2017-05-02 14:09:24+02,2017-05-08 09:00:05+02
1175,LE,t,680,2017-05-02 14:09:24+02,2017-05-08 09:00:05+02
1176,SE,t,680,2017-05-02 14:09:24+02,2017-05-08 09:00:05+02
1177,XE,t,680,2017-05-02 14:09:24+02,2017-05-08 09:00:05+02
1178,LE,t,685,2017-05-02 14:09:24+02,2017-05-08 09:00:05+02
1179,SE,t,685,2017-05-02 14:09:24+02,2017-05-08 09:00:05+02
1180,SL,t,685,2017-05-02 14:09:24+02,2017-05-08 09:00:05+02
1181,SV,t,685,2017-05-02 14:09:24+02,2017-05-08 09:00:05+02
1182,XE,t,685,2017-05-02 14:09:24+02,2017-05-08 09:00:05+02
1183,LE,t,687,2017-05-02 14:09:24+02,2017-05-08 09:00:05+02
1184,Safari,t,687,2017-05-02 14:09:24+02,2017-05-08 09:00:05+02
1185,SE,t,687,2017-05-02 14:09:24+02,2017-05-08 09:00:05+02
1186,XE,t,687,2017-05-02 14:09:24+02,2017-05-08 09:00:05+02
1187,LE,t,690,2017-05-02 14:09:24+02,2017-05-02 14:09:24+02
1188,SE,t,690,2017-05-02 14:09:24+02,2017-05-02 14:09:24+02
1189,SL,t,695,2017-05-02 14:09:24+02,2017-05-02 14:09:24+02
1190,S,t,695,2017-05-02 14:09:24+02,2017-05-02 14:09:24+02
1191,SR,t,695,2017-05-02 14:09:24+02,2017-05-02 14:09:24+02
1192,SV,t,695,2017-05-02 14:09:24+02,2017-05-02 14:09:24+02
1193,SE,t,696,2017-05-02 14:09:24+02,2017-05-08 09:00:05+02
1194,SL,t,697,2017-05-02 14:09:24+02,2017-05-08 09:00:05+02
1195,SV,t,697,2017-05-02 14:09:24+02,2017-05-11 14:21:58.706+02
1196,S,t,703,2017-05-02 14:09:24+02,2017-05-08 09:00:05+02
1197,SE,t,703,2017-05-02 14:09:24+02,2017-05-08 09:00:05+02
1198,SL,t,702,2017-05-02 14:09:24+02,2017-05-02 14:09:24+02
1199,SV,t,702,2017-05-02 14:09:24+02,2017-05-02 14:09:24+02
1201,GT,t,757,2017-05-02 14:09:24+02,2017-05-08 09:00:05+02
1204,GT4,t,757,2017-05-02 14:09:24+02,2017-05-08 09:00:05+02
12,"",t,444,2017-05-02 14:09:23+02,2018-08-30 18:18:29.839705+02
1138,SL320,t,610,2017-05-02 14:09:24+02,2018-08-30 18:19:49.347518+02
1139,SL350,t,610,2017-05-02 14:09:24+02,2018-08-30 18:19:49.739796+02
1140,SL400,t,610,2017-05-02 14:09:24+02,2018-08-30 18:19:50.15953+02
1141,SL500,t,610,2017-05-02 14:09:24+02,2018-08-30 18:19:50.567976+02
1142,SL55,t,610,2017-05-02 14:09:24+02,2018-08-30 18:19:50.980002+02
1146,SL63,t,610,2017-05-02 14:09:24+02,2018-08-30 18:19:51.359906+02
1147,SL65,t,610,2017-05-02 14:09:24+02,2018-08-30 18:19:51.940023+02
1148,SLK200,t,612,2017-05-02 14:09:24+02,2018-08-30 18:19:52.739413+02
1149,SLK230,t,612,2017-05-02 14:09:24+02,2018-08-30 18:19:53.159597+02
1150,SLK250,t,612,2017-05-02 14:09:24+02,2018-08-30 18:19:53.539973+02
1151,SLK280,t,612,2017-05-02 14:09:24+02,2018-08-30 18:19:53.919922+02
1152,SLK300,t,612,2017-05-02 14:09:24+02,2018-08-30 18:19:54.319554+02
1153,SLK320,t,612,2017-05-02 14:09:24+02,2018-08-30 18:19:54.719873+02
1155,SLK55,t,612,2017-05-02 14:09:24+02,2018-08-30 18:19:55.49967+02
1156,722,t,613,2017-05-02 14:09:24+02,2018-08-30 18:19:55.899922+02
1157,McLaren,t,613,2017-05-02 14:09:24+02,2018-08-30 18:19:56.319987+02
1159,CountryMan,t,634,2017-05-02 14:09:24+02,2018-08-30 18:20:01.37988+02
1160,Paceman,t,634,2017-05-02 14:09:24+02,2018-08-30 18:20:02.060112+02
1161,Evolution,t,650,2017-05-02 14:09:24+02,2018-08-30 18:20:05.919742+02
1200,Carrera,t,757,2017-05-02 14:09:24+02,2018-08-30 18:20:34.379659+02
1202,GT2,t,757,2017-05-02 14:09:24+02,2018-08-30 18:20:34.7879+02
1203,GT3,t,757,2017-05-02 14:09:24+02,2018-08-30 18:20:35.260039+02
1205,Targa,t,757,2017-05-02 14:09:24+02,2018-08-30 18:20:35.646426+02
1206,Turbo,t,757,2017-05-02 14:09:24+02,2018-08-30 18:20:36.126691+02
1207,Spyder,t,759,2017-05-02 14:09:24+02,2018-08-30 18:20:37.219741+02
1208,Turbo,t,761,2017-05-02 14:09:24+02,2018-08-30 18:20:37.619496+02
1209,Boxster,t,763,2017-05-02 14:09:24+02,2018-08-30 18:20:38.659885+02
116,"",t,933,2017-05-02 14:09:26+02,2018-08-30 18:21:29.359887+02
1211,CC,t,781,2017-05-02 14:09:24+02,2017-05-08 09:00:05+02
1212,RS,t,781,2017-05-02 14:09:24+02,2017-05-08 09:00:05+02
1214,VT,t,868,2017-05-02 14:09:24+02,2017-05-02 14:09:24+02
1215,SE,t,869,2017-05-02 14:09:24+02,2017-05-08 09:00:05+02
1216,S,t,870,2017-05-02 14:09:24+02,2017-05-08 09:00:05+02
1217,SE,t,870,2017-05-02 14:09:24+02,2017-05-08 09:00:05+02
1218,XL,t,870,2017-05-02 14:09:25+02,2017-05-08 09:00:05+02
1219,SE,t,871,2017-05-02 14:09:25+02,2017-05-02 14:09:25+02
1220,GL,t,872,2017-05-02 14:09:25+02,2017-05-08 09:00:05+02
1221,XL,t,872,2017-05-02 14:09:25+02,2017-05-08 09:00:05+02
1222,LE,t,872,2017-05-02 14:09:25+02,2017-05-08 09:00:05+02
1223,S,t,872,2017-05-02 14:09:25+02,2017-05-08 09:00:05+02
1224,SE,t,872,2017-05-02 14:09:25+02,2017-05-08 09:00:05+02
1225,XS,t,872,2017-05-02 14:09:25+02,2017-05-08 09:00:05+02
1226,GL,t,874,2017-05-02 14:09:25+02,2017-05-08 09:00:05+02
1227,CE,t,874,2017-05-02 14:09:25+02,2017-05-08 09:00:05+02
1228,LE,t,874,2017-05-02 14:09:25+02,2017-05-08 09:00:05+02
1229,S,t,874,2017-05-02 14:09:25+02,2017-05-08 09:00:05+02
1230,SE,t,874,2017-05-02 14:09:25+02,2017-05-08 09:00:05+02
1231,XL,t,874,2017-05-02 14:09:25+02,2017-05-08 09:00:05+02
1232,GX,t,876,2017-05-02 14:09:25+02,2017-05-08 09:00:05+02
1233,VX,t,876,2017-05-02 14:09:25+02,2017-05-08 09:00:05+02
1234,EX,t,877,2017-05-02 14:09:25+02,2017-05-08 09:00:05+02
1235,GX,t,877,2017-05-02 14:09:25+02,2017-05-08 09:00:05+02
1236,SR,t,877,2017-05-02 14:09:25+02,2017-05-08 09:00:05+02
1237,VX,t,877,2017-05-02 14:09:25+02,2017-05-08 09:00:05+02
1238,SR,t,878,2017-05-02 14:09:25+02,2017-05-02 14:09:25+02
1239,GL,t,880,2017-05-02 14:09:25+02,2017-05-08 09:00:05+02
1240,SR,t,880,2017-05-02 14:09:25+02,2017-05-08 09:00:05+02
1241,VVT,t,880,2017-05-02 14:09:25+02,2017-05-08 09:00:05+02
1242,XL,t,880,2017-05-02 14:09:25+02,2017-05-08 09:00:05+02
1243,SL,t,881,2017-05-02 14:09:25+02,2017-05-08 09:00:05+02
1244,S,t,881,2017-05-02 14:09:25+02,2017-05-08 09:00:05+02
1245,G,t,881,2017-05-02 14:09:25+02,2017-05-08 09:00:05+02
1246,SE,t,881,2017-05-02 14:09:25+02,2017-05-08 09:00:05+02
1247,LX,f,882,2017-05-02 14:09:25+02,2017-05-18 15:52:34.146+02
1248,DL,f,882,2017-05-02 14:09:25+02,2017-05-18 15:52:34.146+02
1249,EX,f,882,2017-05-02 14:09:25+02,2017-05-18 15:52:34.146+02
1250,G,f,882,2017-05-02 14:09:25+02,2017-05-18 15:52:34.146+02
1251,GL,f,882,2017-05-02 14:09:25+02,2017-05-18 15:52:34.146+02
1252,GX,f,882,2017-05-02 14:09:25+02,2017-05-18 15:52:34.146+02
1253,VX,f,882,2017-05-02 14:09:25+02,2017-05-18 15:52:34.146+02
1254,EX,f,884,2017-05-02 14:09:25+02,2017-05-18 15:52:34.146+02
1255,GX,f,884,2017-05-02 14:09:25+02,2017-05-18 15:52:34.146+02
1256,TX,f,884,2017-05-02 14:09:25+02,2017-05-18 15:52:34.146+02
1257,VX,f,884,2017-05-02 14:09:25+02,2017-05-18 15:52:34.146+02
1258,GL,t,888,2017-05-02 14:09:25+02,2017-05-02 14:09:25+02
1259,S,t,888,2017-05-02 14:09:25+02,2017-05-02 14:09:25+02
126,"",t,613,2017-05-02 14:09:24+02,2017-05-08 09:00:05+02
1260,SE,t,888,2017-05-02 14:09:25+02,2017-05-02 14:09:25+02
1261,EX,t,892,2017-05-02 14:09:25+02,2017-05-08 09:00:05+02
1262,GX,t,892,2017-05-02 14:09:25+02,2017-05-08 09:00:05+02
1263,LE,t,892,2017-05-02 14:09:25+02,2017-05-08 09:00:05+02
1264,VX,t,892,2017-05-02 14:09:25+02,2017-05-08 09:00:05+02
1265,XL,t,892,2017-05-02 14:09:25+02,2017-05-08 09:00:05+02
1266,EX,t,894,2017-05-02 14:09:25+02,2017-05-02 14:09:25+02
1267,GX,t,894,2017-05-02 14:09:25+02,2017-05-02 14:09:25+02
1268,SR,t,894,2017-05-02 14:09:25+02,2017-05-02 14:09:25+02
1269,VX,t,894,2017-05-02 14:09:25+02,2017-05-02 14:09:25+02
1270,G,t,900,2017-05-02 14:09:25+02,2017-05-08 09:00:05+02
1271,LE,t,900,2017-05-02 14:09:25+02,2017-05-08 09:00:05+02
1272,S,t,900,2017-05-02 14:09:25+02,2017-05-08 09:00:05+02
1273,SE,t,900,2017-05-02 14:09:25+02,2017-05-08 09:00:05+02
1274,Millennium,t,903,2017-05-02 14:09:25+02,2017-05-11 14:25:39.107+02
1276,R32,t,906,2017-05-02 14:09:25+02,2017-05-08 09:00:05+02
1277,R36,t,906,2017-05-02 14:09:25+02,2017-05-08 09:00:05+02
124,"",t,385,2017-05-02 14:09:23+02,2018-08-30 18:18:11.237689+02
125,"",t,430,2017-05-02 14:09:23+02,2018-08-30 18:18:23.379385+02
1210,Cayman,t,763,2017-05-02 14:09:24+02,2018-08-30 18:20:39.059397+02
122,"",t,845,2017-05-02 14:09:24+02,2018-08-30 18:20:58.480495+02
1213,GT,t,868,2017-05-02 14:09:24+02,2018-08-30 18:21:03.779807+02
123,"",t,869,2017-05-02 14:09:24+02,2018-08-30 18:21:04.619789+02
127,"",t,874,2017-05-02 14:09:25+02,2018-08-30 18:21:06.519959+02
1275,GTI,t,906,2017-05-02 14:09:25+02,2018-08-30 18:21:20.320402+02
1278,Polestar,t,930,2017-05-02 14:09:25+02,2018-08-30 18:21:27.787652+02
1279,Polestar,t,934,2017-05-02 14:09:25+02,2018-08-30 18:21:29.760066+02
1281,Prestige,t,1178,2017-05-02 14:09:25+02,2017-05-02 14:09:25+02
1282,Premium,f,1178,2017-05-02 14:09:25+02,2017-05-11 09:02:54.698+02
1283,Prestige,t,55,2017-05-02 14:09:25+02,2017-05-08 09:00:05+02
1284,235i,t,71,2017-05-02 14:09:25+02,2017-05-08 09:00:05+02
1289,730li,f,81,2017-05-02 14:09:25+02,2017-05-09 12:03:01.77+02
1290,740 Li,f,81,2017-05-02 14:09:25+02,2017-05-17 11:53:05.213+02
1291,750 Li,f,81,2017-05-02 14:09:25+02,2017-05-17 11:52:55.894+02
1292,LT,t,154,2017-05-02 14:09:25+02,2017-05-08 09:00:05+02
1293,LTZ,t,176,2017-05-02 14:09:25+02,2017-05-08 09:00:05+02
1294,LS,t,180,2017-05-02 14:09:25+02,2017-05-08 09:00:05+02
1295,LT,t,180,2017-05-02 14:09:25+02,2017-05-08 09:00:05+02
1296,LS,t,184,2017-05-02 14:09:25+02,2017-05-02 14:09:25+02
1297,LT,t,184,2017-05-02 14:09:25+02,2017-05-02 14:09:25+02
1298,LS,t,185,2017-05-02 14:09:25+02,2017-05-08 09:00:05+02
1299,LS,t,193,2017-05-02 14:09:25+02,2017-05-08 09:00:05+02
1300,LT,t,195,2017-05-02 14:09:25+02,2017-05-02 14:09:25+02
1301,Limited,t,209,2017-05-02 14:09:25+02,2017-05-02 14:09:25+02
1302,Touring,t,209,2017-05-02 14:09:25+02,2017-05-02 14:09:25+02
1303,Limited,t,206,2017-05-02 14:09:25+02,2017-05-02 14:09:25+02
1304,LX,t,206,2017-05-02 14:09:25+02,2017-05-02 14:09:25+02
1305,Limited,t,208,2017-05-02 14:09:25+02,2017-05-08 09:00:05+02
1306,R/T,t,231,2017-05-02 14:09:25+02,2017-05-02 14:09:25+02
1307,SE,t,231,2017-05-02 14:09:25+02,2017-05-02 14:09:25+02
1308,SXT,t,231,2017-05-02 14:09:25+02,2017-05-02 14:09:25+02
1309,Rallye,t,234,2017-05-02 14:09:25+02,2017-05-08 09:00:05+02
1310,SE,t,234,2017-05-02 14:09:25+02,2017-05-08 09:00:05+02
1311,SXT,t,237,2017-05-02 14:09:25+02,2017-05-02 14:09:25+02
1312,SXT,t,238,2017-05-02 14:09:25+02,2017-05-08 09:00:05+02
1313,Limited,t,244,2017-05-02 14:09:25+02,2017-05-02 14:09:25+02
1314,R/T,t,244,2017-05-02 14:09:25+02,2017-05-02 14:09:25+02
1315,SE,t,244,2017-05-02 14:09:25+02,2017-05-02 14:09:25+02
1316,SXT,t,244,2017-05-02 14:09:25+02,2017-05-02 14:09:25+02
1317,Berlinetta,t,264,2017-05-02 14:09:25+02,2017-05-08 09:00:05+02
1318,XLS,t,284,2017-05-02 14:09:25+02,2017-05-08 09:00:05+02
1319,LTS,t,284,2017-05-02 14:09:25+02,2017-05-08 09:00:05+02
1320,Limited,t,284,2017-05-02 14:09:25+02,2017-05-08 09:00:05+02
1321,Eddie Bauer,t,288,2017-05-02 14:09:25+02,2017-05-08 09:00:05+02
1322,XL,t,288,2017-05-02 14:09:25+02,2017-05-08 09:00:05+02
1323,Eddie Bauer,t,289,2017-05-02 14:09:25+02,2017-05-08 09:00:05+02
1324,XLS,t,289,2017-05-02 14:09:25+02,2017-05-08 09:00:05+02
1325,XL,t,290,2017-05-02 14:09:25+02,2017-05-08 09:00:05+02
1326,Titanium,t,297,2017-05-02 14:09:25+02,2017-05-08 09:00:05+02
1327,Ambiente,t,297,2017-05-02 14:09:25+02,2017-05-08 09:00:05+02
1328,Ambiente,t,300,2017-05-02 14:09:25+02,2017-05-08 09:00:05+02
1329,Limited,t,301,2017-05-02 14:09:25+02,2017-05-08 09:00:05+02
1330,SEL,t,302,2017-05-02 14:09:25+02,2017-05-08 09:00:05+02
1331,Titanium,t,302,2017-05-02 14:09:25+02,2017-05-08 09:00:05+02
1332,Ambiente,t,303,2017-05-02 14:09:25+02,2017-05-08 09:00:05+02
1333,Sport,t,303,2017-05-02 14:09:25+02,2017-05-08 09:00:05+02
1334,Trend,t,303,2017-05-02 14:09:25+02,2017-05-08 09:00:05+02
1335,S,t,308,2017-05-02 14:09:25+02,2017-05-08 09:00:05+02
1336,SE,t,308,2017-05-02 14:09:25+02,2017-05-08 09:00:05+02
1337,SEL,t,308,2017-05-02 14:09:25+02,2017-05-08 09:00:05+02
1338,Titanium,t,311,2017-05-02 14:09:25+02,2017-05-08 09:00:05+02
1339,Trend,t,311,2017-05-02 14:09:25+02,2017-05-08 09:00:05+02
1340,SE,t,317,2017-05-02 14:09:25+02,2017-05-08 09:00:05+02
1341,Denali,t,335,2017-05-02 14:09:25+02,2017-05-08 09:00:05+02
1343,SLE,t,335,2017-05-02 14:09:25+02,2017-05-08 09:00:05+02
1344,SLT,t,335,2017-05-02 14:09:25+02,2017-05-08 09:00:05+02
1345,DX,t,342,2017-05-02 14:09:25+02,2017-05-08 09:00:05+02
1346,Limited,t,342,2017-05-02 14:09:25+02,2017-05-08 09:00:05+02
1347,EX,t,344,2017-05-02 14:09:25+02,2017-05-08 09:00:05+02
1348,LX,t,344,2017-05-02 14:09:25+02,2017-05-08 09:00:05+02
1349,EX,t,346,2017-05-02 14:09:25+02,2017-05-08 09:00:05+02
1350,LX,t,346,2017-05-02 14:09:25+02,2017-05-08 09:00:05+02
1351,EX,t,353,2017-05-02 14:09:25+02,2017-05-08 09:00:05+02
1352,LX,t,353,2017-05-02 14:09:25+02,2017-05-08 09:00:05+02
1353,EX,t,355,2017-05-02 14:09:25+02,2017-05-08 09:00:05+02
1354,EX,t,356,2017-05-02 14:09:25+02,2017-05-08 09:00:05+02
13,"",t,61,2017-05-02 14:09:23+02,2018-08-30 18:16:22.151711+02
1285,320ci,t,72,2017-05-02 14:09:25+02,2018-08-30 18:16:31.251679+02
1286,335is,t,72,2017-05-02 14:09:25+02,2018-08-30 18:16:31.720145+02
1287,335xi,t,72,2017-05-02 14:09:25+02,2018-08-30 18:16:32.132002+02
1288,730i,t,81,2017-05-02 14:09:25+02,2018-08-30 18:16:43.291909+02
133,"",t,99,2017-05-02 14:09:23+02,2018-08-30 18:16:52.651312+02
135,"",t,277,2017-05-02 14:09:23+02,2018-08-30 18:17:39.157776+02
1342,HD,t,335,2017-05-02 14:09:25+02,2018-08-30 18:17:52.757658+02
132,"",t,555,2017-05-02 14:09:24+02,2018-08-30 18:19:01.799748+02
130,"",t,903,2017-05-02 14:09:25+02,2018-08-30 18:21:19.279815+02
1355,LX,t,356,2017-05-02 14:09:25+02,2017-05-08 09:00:05+02
1356,EX,t,357,2017-05-02 14:09:25+02,2017-05-08 09:00:05+02
1357,GL,t,363,2017-05-02 14:09:25+02,2017-05-08 09:00:05+02
1358,GLS,t,363,2017-05-02 14:09:25+02,2017-05-08 09:00:05+02
1359,GL,t,365,2017-05-02 14:09:25+02,2017-05-08 09:00:05+02
1360,GLS,t,365,2017-05-02 14:09:25+02,2017-05-08 09:00:05+02
1361,GLS,t,371,2017-05-02 14:09:25+02,2017-05-08 09:00:05+02
1362,GL,t,372,2017-05-02 14:09:25+02,2017-05-08 09:00:05+02
1363,GL,t,375,2017-05-02 14:09:25+02,2017-05-08 09:00:05+02
1364,GLS,t,375,2017-05-02 14:09:25+02,2017-05-08 09:00:05+02
1365,GL,t,376,2017-05-02 14:09:25+02,2017-05-08 09:00:05+02
1366,GLS,t,376,2017-05-02 14:09:25+02,2017-05-08 09:00:05+02
1367,GL,t,379,2017-05-02 14:09:25+02,2017-05-08 09:00:05+02
1368,GLS,t,379,2017-05-02 14:09:25+02,2017-05-08 09:00:05+02
1369,GL,t,380,2017-05-02 14:09:25+02,2017-05-02 14:09:25+02
1370,GL,t,382,2017-05-02 14:09:25+02,2017-05-08 09:00:05+02
1371,GLS,t,382,2017-05-02 14:09:25+02,2017-05-08 09:00:05+02
1372,GL,t,383,2017-05-02 14:09:25+02,2017-05-08 09:00:05+02
1373,GLS,t,383,2017-05-02 14:09:25+02,2017-05-08 09:00:05+02
1374,SE,t,383,2017-05-02 14:09:25+02,2017-05-08 09:00:05+02
1375,GL,t,388,2017-05-02 14:09:25+02,2017-05-08 09:00:05+02
1376,GLS,t,388,2017-05-02 14:09:25+02,2017-05-08 09:00:05+02
1377,SE,t,388,2017-05-02 14:09:25+02,2017-05-08 09:00:05+02
1378,GL,t,389,2017-05-02 14:09:25+02,2017-05-08 09:00:05+02
1379,GLS,t,389,2017-05-02 14:09:25+02,2017-05-08 09:00:05+02
1380,GL,t,391,2017-05-02 14:09:25+02,2017-05-02 14:09:25+02
1381,GLS,t,391,2017-05-02 14:09:25+02,2017-05-02 14:09:25+02
1382,Sport,t,443,2017-05-02 14:09:25+02,2017-05-08 09:00:05+02
1385,GS,t,1094,2017-05-02 14:09:25+02,2017-05-02 14:09:25+02
1386,GT,t,1094,2017-05-02 14:09:25+02,2017-05-02 14:09:25+02
1387,DE,t,646,2017-05-02 14:09:25+02,2017-05-08 09:00:05+02
1388,ES,t,646,2017-05-02 14:09:25+02,2017-05-08 09:00:05+02
1389,GTS,t,646,2017-05-02 14:09:25+02,2017-05-08 09:00:05+02
1390,SE,t,667,2017-05-02 14:09:25+02,2017-05-08 09:00:05+02
1391,SL,t,668,2017-05-02 14:09:25+02,2017-05-08 09:00:05+02
1392,S,t,673,2017-05-02 14:09:25+02,2017-05-08 09:00:05+02
1393,SL,t,676,2017-05-02 14:09:25+02,2017-05-08 09:00:05+02
1394,SE,t,676,2017-05-02 14:09:25+02,2017-05-08 09:00:05+02
1395,S,t,676,2017-05-02 14:09:25+02,2017-05-08 09:00:05+02
1396,S,t,677,2017-05-02 14:09:25+02,2017-05-08 09:00:05+02
1397,SL,t,677,2017-05-02 14:09:25+02,2017-05-08 09:00:05+02
1398,SV,t,677,2017-05-02 14:09:25+02,2017-05-08 09:00:05+02
1399,S,t,678,2017-05-02 14:09:25+02,2017-05-08 09:00:05+02
140,"",t,614,2017-05-02 14:09:24+02,2017-05-16 15:40:08.21+02
1400,SE,t,678,2017-05-02 14:09:25+02,2017-05-08 09:00:05+02
1401,S,t,685,2017-05-02 14:09:25+02,2017-05-08 09:00:05+02
1402,S,t,690,2017-05-02 14:09:25+02,2017-05-02 14:09:25+02
1403,EX,t,696,2017-05-02 14:09:25+02,2017-05-08 09:00:05+02
1404,PE,t,696,2017-05-02 14:09:25+02,2017-05-08 09:00:05+02
1405,S,t,696,2017-05-02 14:09:25+02,2017-05-08 09:00:05+02
1406,SL,t,696,2017-05-02 14:09:25+02,2017-05-08 09:00:05+02
1407,SV,t,696,2017-05-02 14:09:25+02,2017-05-08 09:00:05+02
1408,SE,t,697,2017-05-02 14:09:25+02,2017-05-08 09:00:05+02
1409,S,t,697,2017-05-02 14:09:25+02,2017-05-08 09:00:05+02
1410,SE,t,702,2017-05-02 14:09:25+02,2017-05-02 14:09:25+02
1411,Active,t,725,2017-05-02 14:09:25+02,2017-05-08 09:00:05+02
1412,Access,t,727,2017-05-02 14:09:25+02,2017-05-08 09:00:05+02
1413,Allure,t,727,2017-05-02 14:09:25+02,2017-05-08 09:00:05+02
1416,XT,t,728,2017-05-02 14:09:25+02,2017-05-08 09:00:05+02
1419,Active,t,729,2017-05-02 14:09:25+02,2017-05-08 09:00:05+02
1420,Allure,t,729,2017-05-02 14:09:25+02,2017-05-08 09:00:05+02
1421,Active,t,734,2017-05-02 14:09:25+02,2017-05-08 09:00:05+02
1422,Allure,t,734,2017-05-02 14:09:25+02,2017-05-08 09:00:05+02
1423,GTS,t,757,2017-05-02 14:09:25+02,2017-05-08 09:00:05+02
1424,GT,t,1182,2017-05-02 14:09:25+02,2017-05-02 14:09:25+02
1425,L,t,1182,2017-05-02 14:09:25+02,2017-05-02 14:09:25+02
1426,Sport,t,874,2017-05-02 14:09:25+02,2017-05-08 09:00:05+02
1427,SEL,t,903,2017-05-02 14:09:25+02,2017-05-08 09:00:05+02
1428,SE,t,903,2017-05-02 14:09:25+02,2017-05-08 09:00:05+02
142,"",t,34,2017-05-02 14:09:26+02,2018-08-30 18:16:08.938916+02
1383,SL 280,t,610,2017-05-02 14:09:25+02,2018-08-30 18:19:52.339809+02
139,"",t,726,2017-05-02 14:09:24+02,2018-08-30 18:20:27.400044+02
1414,CC,t,728,2017-05-02 14:09:25+02,2018-08-30 18:20:28.33956+02
1415,SW,t,728,2017-05-02 14:09:25+02,2018-08-30 18:20:28.740051+02
1417,CC,t,729,2017-05-02 14:09:25+02,2018-08-30 18:20:29.600174+02
1418,GT,t,729,2017-05-02 14:09:25+02,2018-08-30 18:20:29.999841+02
136,"",t,731,2017-05-02 14:09:24+02,2018-08-30 18:20:31.320484+02
137,"",t,857,2017-05-02 14:09:24+02,2018-08-30 18:21:01.400268+02
138,"",t,926,2017-05-02 14:09:26+02,2018-08-30 18:21:26.1599+02
1429,TSI,t,906,2017-05-02 14:09:25+02,2017-05-08 09:00:05+02
1430,S,t,906,2017-05-02 14:09:25+02,2017-05-08 09:00:05+02
1431,SE,t,906,2017-05-02 14:09:25+02,2017-05-08 09:00:05+02
1432,SEL,t,906,2017-05-02 14:09:25+02,2017-05-08 09:00:05+02
1433,S,t,914,2017-05-02 14:09:25+02,2017-05-08 09:00:05+02
1434,SEL,t,914,2017-05-02 14:09:25+02,2017-05-08 09:00:05+02
1435,GLI,t,914,2017-05-02 14:09:25+02,2017-05-08 09:00:05+02
1436,Sport,t,914,2017-05-02 14:09:25+02,2017-05-08 09:00:05+02
1437,TDI,t,914,2017-05-02 14:09:25+02,2017-05-08 09:00:05+02
1438,TSI,t,916,2017-05-02 14:09:25+02,2017-05-08 09:00:05+02
1439,S,t,916,2017-05-02 14:09:25+02,2017-05-08 09:00:05+02
1440,SEL,t,916,2017-05-02 14:09:25+02,2017-05-08 09:00:05+02
1441,S,t,919,2017-05-02 14:09:25+02,2017-05-02 14:09:25+02
1442,SE,t,919,2017-05-02 14:09:25+02,2017-05-02 14:09:25+02
1443,TDI,t,924,2017-05-02 14:09:25+02,2017-05-08 09:00:05+02
1444,SE,t,924,2017-05-02 14:09:25+02,2017-05-08 09:00:05+02
1445,SEL,t,924,2017-05-02 14:09:25+02,2017-05-08 09:00:05+02
1446,TSI,t,924,2017-05-02 14:09:25+02,2017-05-08 09:00:05+02
1447,S,t,924,2017-05-02 14:09:25+02,2017-05-08 09:00:05+02
1448,S,t,925,2017-05-02 14:09:25+02,2017-05-08 09:00:05+02
1449,SE,t,925,2017-05-02 14:09:25+02,2017-05-08 09:00:05+02
1450,SEL,t,925,2017-05-02 14:09:25+02,2017-05-08 09:00:05+02
1454,Mulliner,t,bentley-bentayga,2017-05-02 14:09:26+02,2017-05-08 09:00:05+02
1455,First Edition,t,bentley-bentayga,2017-05-02 14:09:26+02,2017-05-08 09:00:05+02
1456,"",t,bugatti-grand-sport,2017-05-02 14:09:26+02,2017-05-02 14:09:26+02
1457,BLS,t,cadillac-liberty,2017-05-02 14:09:26+02,2017-05-08 09:00:05+02
1458,"",t,cadillac-liberty,2017-05-02 14:09:26+02,2017-05-08 09:00:05+02
1459,LT,t,chevrolet-equinox,2017-05-02 14:09:26+02,2017-05-08 09:00:05+02
1460,LTZ,t,chevrolet-liberty,2017-05-02 14:09:26+02,2017-05-08 09:00:05+02
1461,"",t,chevrolet-liberty,2017-05-02 14:09:26+02,2017-05-08 09:00:05+02
1462,"",t,chevrolet-sierra,2017-05-02 14:09:26+02,2017-05-08 09:00:05+02
1466,"",t,ferrari-575,2017-05-02 14:09:26+02,2017-05-08 09:00:05+02
1468,"",t,ferrari-f360,2017-05-02 14:09:26+02,2017-05-08 09:00:05+02
1469,"",t,ferrari-f450,2017-05-02 14:09:26+02,2017-05-08 09:00:05+02
1470,"",t,ford-f250,2017-05-02 14:09:26+02,2017-05-08 09:00:05+02
1471,"",t,ford-f350,2017-05-02 14:09:26+02,2017-05-08 09:00:05+02
1477,"",t,hyundai-avante,2017-05-02 14:09:26+02,2017-05-08 09:00:05+02
1479,"",t,hyundai-verna,2017-05-02 14:09:26+02,2017-05-08 09:00:05+02
1481,"",t,jeep-cj-7,2017-05-02 14:09:26+02,2017-05-08 09:00:05+02
1487,"",t,lamborghini-superleggera,2017-05-02 14:09:26+02,2017-05-08 09:00:05+02
1488,"",t,land-rover-lr5,2017-05-02 14:09:26+02,2017-05-08 09:00:05+02
1490,Hennessey Venom,t,lotus-gt,2017-05-02 14:09:26+02,2017-05-08 09:00:05+02
1494,"",t,mazda-mazda-4,2017-05-02 14:09:26+02,2017-05-08 09:00:05+02
1495,"",t,mclaren-652-s,2017-05-02 14:09:26+02,2017-05-08 09:00:05+02
1497,850,t,mercedes-benz-brabus,2017-05-02 14:09:26+02,2017-05-08 09:00:05+02
1498,B11,t,mercedes-benz-brabus,2017-05-02 14:09:26+02,2017-05-08 09:00:05+02
1499,B63,t,mercedes-benz-brabus,2017-05-02 14:09:26+02,2017-05-08 09:00:05+02
1500,K 8,t,mercedes-benz-brabus,2017-05-02 14:09:26+02,2017-05-08 09:00:05+02
1501,S V12 R,t,mercedes-benz-brabus,2017-05-02 14:09:26+02,2017-05-08 09:00:05+02
1451,"",t,audi-s4,2017-05-02 14:09:26+02,2018-08-30 18:16:20.999239+02
1452,"",t,audi-sq5,2017-05-02 14:09:26+02,2018-08-30 18:16:21.391787+02
1453,"",t,bentley-bentayga,2017-05-02 14:09:26+02,2018-08-30 18:16:25.47207+02
149,"",t,218,2017-05-02 14:09:26+02,2018-08-30 18:17:17.738032+02
1463,"",t,citroen-berlingo,2017-05-02 14:09:26+02,2018-08-30 18:17:19.83758+02
1465,"",t,ferrari-456,2017-05-02 14:09:26+02,2018-08-30 18:17:35.717919+02
1467,"",t,ferrari-enzo,2017-05-02 14:09:26+02,2018-08-30 18:17:36.097664+02
1472,"",t,honda-element,2017-05-02 14:09:26+02,2018-08-30 18:18:00.757853+02
1473,"",t,honda-hrv,2017-05-02 14:09:26+02,2018-08-30 18:18:01.158042+02
1474,"",t,honda-ridgeline,2017-05-02 14:09:26+02,2018-08-30 18:18:01.557809+02
1475,"",t,honda-stream,2017-05-02 14:09:26+02,2018-08-30 18:18:01.937763+02
1476,"",t,hummer-h1,2017-05-02 14:09:26+02,2018-08-30 18:18:03.117823+02
148,"",t,382,2017-05-02 14:09:23+02,2018-08-30 18:18:10.157604+02
1478,"",t,hyundai-equus,2017-05-02 14:09:26+02,2018-08-30 18:18:13.598281+02
1480,"",t,jaguar-f-pace,2017-05-02 14:09:26+02,2018-08-30 18:18:26.659519+02
1482,"",t,kia-forte,2017-05-02 14:09:26+02,2018-08-30 18:18:36.619642+02
1483,"",t,kia-sedone,2017-05-02 14:09:26+02,2018-08-30 18:18:37.020206+02
1484,"",t,koenigsegg-agera,2017-05-02 14:09:26+02,2018-08-30 18:18:38.199825+02
1486,RS,t,koenigsegg-agera,2017-05-02 14:09:26+02,2018-08-30 18:18:39.007282+02
1489,"",t,lincoln-continental,2017-05-02 14:09:26+02,2018-08-30 18:18:55.539998+02
1493,50,t,mazda-bt,2017-05-02 14:09:26+02,2018-08-30 18:19:03.359544+02
1491,7,t,mazda-rx,2017-05-02 14:09:26+02,2018-08-30 18:19:03.779653+02
1492,8,t,mazda-rx,2017-05-02 14:09:26+02,2018-08-30 18:19:04.239701+02
1496,GLS500,t,mercedes-benz-gls-class,2017-05-02 14:09:26+02,2018-08-30 18:19:57.739762+02
145,"",t,815,2017-05-02 14:09:24+02,2018-08-30 18:20:51.447646+02
150,"",t,820,2017-05-02 14:09:26+02,2018-08-30 18:20:53.53992+02
147,"",t,915,2017-05-02 14:09:25+02,2018-08-30 18:21:22.181223+02
1502,S600,t,mercedes-benz-brabus,2017-05-02 14:09:26+02,2017-05-08 09:00:05+02
1503,AMG,t,mercedes-benz-gts,2017-05-02 14:09:26+02,2017-05-08 09:00:05+02
1504,"",t,mercedes-benz-gts,2017-05-02 14:09:26+02,2017-05-08 09:00:05+02
1507,"",t,mercedes-benz-smart,2017-05-02 14:09:26+02,2017-05-08 09:00:05+02
1508,Passion,t,mercedes-benz-smart,2017-05-02 14:09:26+02,2017-05-08 09:00:05+02
1509,"",t,mg-a,2017-05-02 14:09:26+02,2017-05-08 09:00:05+02
1510,"",t,mg-b,2017-05-02 14:09:26+02,2017-05-08 09:00:05+02
1511,"",t,mg-75,2017-05-02 14:09:26+02,2017-05-08 09:00:05+02
1513,"",t,nissan-civilian,2017-05-02 14:09:26+02,2017-05-08 09:00:05+02
1514,"",t,nissan-datsun,2017-05-02 14:09:26+02,2017-05-08 09:00:05+02
1518,SL,t,nissan-rogue,2017-05-02 14:09:26+02,2017-05-08 09:00:05+02
1520,GR,t,nissan-safari,2017-05-02 14:09:26+02,2017-05-08 09:00:05+02
1521,"",t,nissan-safari,2017-05-02 14:09:26+02,2017-05-08 09:00:05+02
1524,SL,t,nissan-versa,2017-05-02 14:09:26+02,2017-05-08 09:00:05+02
1525,SV,t,nissan-versa,2017-05-02 14:09:26+02,2017-05-08 09:00:05+02
1526,"",t,nissan-z240,2017-05-02 14:09:26+02,2017-05-08 09:00:05+02
1527,ZX,t,nissan-z240,2017-05-02 14:09:26+02,2017-05-08 09:00:05+02
1528,"",t,nissan-z260,2017-05-02 14:09:26+02,2017-05-08 09:00:05+02
1529,ZX,t,nissan-z280,2017-05-02 14:09:26+02,2017-05-08 09:00:05+02
1530,"",t,nissan-z300,2017-05-02 14:09:26+02,2017-05-08 09:00:05+02
1532,"",t,renault-vegan,2017-05-02 14:09:26+02,2017-05-08 09:00:05+02
1533,"",t,renault-velsatis,2017-05-02 14:09:26+02,2017-05-08 09:00:05+02
1535,"",t,rolls-royce-mansory,2017-05-02 14:09:26+02,2017-05-08 09:00:05+02
1536,"",t,seat-cubra,2017-05-02 14:09:26+02,2017-05-08 09:00:05+02
1537,"",t,suzuki-lj,2017-05-02 14:09:26+02,2017-05-08 09:00:05+02
1538,GX,t,suzuki-samurai,2017-05-02 14:09:26+02,2017-05-08 09:00:05+02
1539,"",t,suzuki-samurai,2017-05-02 14:09:26+02,2017-05-08 09:00:05+02
1540,"",t,suzuki-sg-410,2017-05-02 14:09:26+02,2017-05-08 09:00:05+02
1541,"",t,suzuki-sj-413,2017-05-02 14:09:26+02,2017-05-08 09:00:05+02
1542,"",t,suzuki-sj-414,2017-05-02 14:09:26+02,2017-05-08 09:00:05+02
1545,LE,t,toyota-highlander,2017-05-02 14:09:26+02,2017-05-08 09:00:05+02
1547,XL,t,toyota-highlander,2017-05-02 14:09:26+02,2017-05-08 09:00:05+02
1549,SL,t,toyota-quest,2017-05-02 14:09:26+02,2017-05-08 09:00:05+02
1550,"",t,toyota-quest,2017-05-02 14:09:26+02,2017-05-08 09:00:05+02
1551,"",t,toyota-scion,2017-05-02 14:09:26+02,2017-05-08 09:00:05+02
1552,LE,t,toyota-sienna,2017-05-02 14:09:26+02,2017-05-08 09:00:05+02
1554,SE,t,toyota-sienna,2017-05-02 14:09:26+02,2017-05-08 09:00:05+02
1555,XL,t,toyota-sienna,2017-05-02 14:09:26+02,2017-05-08 09:00:05+02
1556,SE,t,toyota-solara,2017-05-02 14:09:26+02,2017-05-08 09:00:05+02
1557,SL,t,toyota-solara,2017-05-02 14:09:26+02,2017-05-08 09:00:05+02
1561,SR,t,toyota-tundra,2017-05-02 14:09:26+02,2017-05-08 09:00:05+02
1564,XL,t,toyota-venza,2017-05-02 14:09:26+02,2017-05-08 09:00:05+02
156,"",t,150,2017-05-02 14:09:23+02,2018-08-30 18:16:59.331725+02
162,"",t,205,2017-05-02 14:09:23+02,2018-08-30 18:17:13.251903+02
154,"",t,231,2017-05-02 14:09:23+02,2018-08-30 18:17:20.637739+02
157,"",t,282,2017-05-02 14:09:23+02,2018-08-30 18:17:40.537973+02
160,"",t,306,2017-05-02 14:09:23+02,2018-08-30 18:17:47.279022+02
153,"",t,381,2017-05-02 14:09:23+02,2018-08-30 18:18:09.777923+02
152,"",t,456,2017-05-02 14:09:23+02,2018-08-30 18:18:33.700018+02
1505,S500,t,mercedes-benz-s-class-maybach,2017-05-02 14:09:26+02,2018-08-30 18:19:58.559782+02
1506,S600,t,mercedes-benz-s-class-maybach,2017-05-02 14:09:26+02,2018-08-30 18:19:59.079732+02
1512,"",t,mitsubishi-l300,2017-05-02 14:09:26+02,2018-08-30 18:20:08.060076+02
1515,"",t,nissan-frontier,2017-05-02 14:09:26+02,2018-08-30 18:20:19.239951+02
1516,"",t,nissan-leaf,2017-05-02 14:09:26+02,2018-08-30 18:20:19.739685+02
1517,"",t,nissan-quest,2017-05-02 14:09:26+02,2018-08-30 18:20:20.159798+02
1519,"",t,nissan-rogue,2017-05-02 14:09:26+02,2018-08-30 18:20:20.580019+02
1523,"",t,nissan-versa,2017-05-02 14:09:26+02,2018-08-30 18:20:21.579819+02
159,"",t,733,2017-05-02 14:09:24+02,2018-08-30 18:20:32.079505+02
163,"",t,738,2017-05-02 14:09:24+02,2018-08-30 18:20:34.000028+02
1531,"",t,renault-talisman,2017-05-02 14:09:26+02,2018-08-30 18:20:46.167753+02
1534,"",t,rolls-royce-dawn,2017-05-02 14:09:26+02,2018-08-30 18:20:48.419668+02
158,"",t,816,2017-05-02 14:09:24+02,2018-08-30 18:20:51.860007+02
1570,Prado,t,882,2017-05-18 15:53:44.587+02,2018-08-30 18:21:10.239776+02
1565,"",t,toyota-4runner,2017-05-02 14:09:26+02,2018-08-30 18:21:13.699922+02
1543,"",t,toyota-alphard,2017-05-02 14:09:26+02,2018-08-30 18:21:14.140728+02
1544,"",t,toyota-crown,2017-05-02 14:09:26+02,2018-08-30 18:21:14.539979+02
1546,"",t,toyota-highlander,2017-05-02 14:09:26+02,2018-08-30 18:21:14.920299+02
1548,"",t,toyota-iq,2017-05-02 14:09:26+02,2018-08-30 18:21:15.379724+02
1553,"",t,toyota-sienna,2017-05-02 14:09:26+02,2018-08-30 18:21:15.819494+02
1558,"",t,toyota-solara,2017-05-02 14:09:26+02,2018-08-30 18:21:16.468098+02
1559,"",t,toyota-supra,2017-05-02 14:09:26+02,2018-08-30 18:21:17.119387+02
1560,"",t,toyota-tacoma,2017-05-02 14:09:26+02,2018-08-30 18:21:17.519762+02
1563,"",t,toyota-venza,2017-05-02 14:09:26+02,2018-08-30 18:21:18.387071+02
16,"",t,923,2017-05-02 14:09:26+02,2018-08-30 18:21:24.480241+02
195,"",t,654,2017-05-02 14:09:24+02,2017-05-08 09:00:05+02
197,"",t,367,2017-05-02 14:09:23+02,2017-05-08 09:00:05+02
205,"",t,176,2017-05-02 14:09:23+02,2017-05-08 09:00:05+02
207,"",t,899,2017-05-02 14:09:25+02,2017-05-08 09:00:05+02
212,"",f,623,2017-05-02 14:09:26+02,2017-05-02 14:09:26+02
222,"",t,180,2017-05-02 14:09:23+02,2017-05-08 09:00:05+02
254,"",t,571,2017-05-02 14:09:24+02,2017-05-08 09:00:06+02
256,"",f,422,2017-05-02 14:09:26+02,2017-05-02 14:09:26+02
235,"",t,15,2017-05-02 14:09:26+02,2018-08-30 18:16:01.611907+02
19,"",t,18,2017-05-02 14:09:23+02,2018-08-30 18:16:02.779579+02
230,"",t,45,2017-05-02 14:09:23+02,2018-08-30 18:16:14.551869+02
183,"",t,47,2017-05-02 14:09:23+02,2018-08-30 18:16:15.351734+02
243,"",t,50,2017-05-02 14:09:23+02,2018-08-30 18:16:16.171886+02
223,"",t,54,2017-05-02 14:09:23+02,2018-08-30 18:16:17.832026+02
209,"",t,55,2017-05-02 14:09:23+02,2018-08-30 18:16:18.391604+02
180,"",t,60,2017-05-02 14:09:23+02,2018-08-30 18:16:21.751838+02
260,"",t,68,2017-05-02 14:09:23+02,2018-08-30 18:16:24.951602+02
177,"",t,104,2017-05-02 14:09:23+02,2018-08-30 18:16:26.831915+02
204,"",t,127,2017-05-02 14:09:23+02,2018-08-30 18:16:55.293271+02
172,"",t,137,2017-05-02 14:09:23+02,2018-08-30 18:16:57.838398+02
220,"",t,163,2017-05-02 14:09:23+02,2018-08-30 18:17:01.512051+02
182,"",t,201,2017-05-02 14:09:23+02,2018-08-30 18:17:11.912401+02
21,"",t,213,2017-05-02 14:09:26+02,2018-08-30 18:17:16.012299+02
251,"",t,216,2017-05-02 14:09:26+02,2018-08-30 18:17:17.257685+02
203,"",t,220,2017-05-02 14:09:26+02,2018-08-30 18:17:18.637898+02
165,"",t,252,2017-05-02 14:09:23+02,2018-08-30 18:17:26.538078+02
221,"",t,259,2017-05-02 14:09:23+02,2018-08-30 18:17:31.117877+02
184,"",t,260,2017-05-02 14:09:23+02,2018-08-30 18:17:31.917914+02
189,"",t,264,2017-05-02 14:09:23+02,2018-08-30 18:17:33.61798+02
175,"",t,267,2017-05-02 14:09:23+02,2018-08-30 18:17:35.257483+02
179,"",t,275,2017-05-02 14:09:26+02,2018-08-30 18:17:38.637627+02
24,"",t,284,2017-05-02 14:09:23+02,2018-08-30 18:17:40.998434+02
185,"",t,330,2017-05-02 14:09:23+02,2018-08-30 18:17:52.239191+02
236,"",t,339,2017-05-02 14:09:23+02,2018-08-30 18:17:54.2178+02
18,"",t,363,2017-05-02 14:09:23+02,2018-08-30 18:18:03.517816+02
257,"",t,371,2017-05-02 14:09:23+02,2018-08-30 18:18:06.076802+02
229,"",t,379,2017-05-02 14:09:23+02,2018-08-30 18:18:08.777414+02
250,"",t,460,2017-05-02 14:09:24+02,2018-08-30 18:18:34.97994+02
186,"",t,506,2017-05-02 14:09:24+02,2018-08-30 18:18:49.719911+02
237,"",t,511,2017-05-02 14:09:24+02,2018-08-30 18:18:50.340069+02
26,"",t,531,2017-05-02 14:09:24+02,2018-08-30 18:18:55.139931+02
168,"",t,543,2017-05-02 14:09:24+02,2018-08-30 18:18:58.535275+02
194,"",t,548,2017-05-02 14:09:24+02,2018-08-30 18:19:00.19971+02
232,"",t,550,2017-05-02 14:09:24+02,2018-08-30 18:19:00.986984+02
190,"",t,572,2017-05-02 14:09:24+02,2018-08-30 18:19:06.447925+02
201,"",t,574,2017-05-02 14:09:24+02,2018-08-30 18:19:06.85988+02
191,"",t,581,2017-05-02 14:09:24+02,2018-08-30 18:19:19.700039+02
17,"",t,617,2017-05-02 14:09:26+02,2018-08-30 18:19:56.719647+02
202,"",t,641,2017-05-02 14:09:24+02,2018-08-30 18:20:03.73974+02
253,"",t,646,2017-05-02 14:09:24+02,2018-08-30 18:20:04.579844+02
164,"",t,650,2017-05-02 14:09:24+02,2018-08-30 18:20:06.309607+02
226,"",t,661,2017-05-02 14:09:24+02,2018-08-30 18:20:07.648077+02
210,"",t,672,2017-05-02 14:09:24+02,2018-08-30 18:20:10.528068+02
167,"",t,673,2017-05-02 14:09:24+02,2018-08-30 18:20:10.939911+02
196,"",t,685,2017-05-02 14:09:24+02,2018-08-30 18:20:13.799865+02
181,"",t,696,2017-05-02 14:09:24+02,2018-08-30 18:20:16.687276+02
169,"",t,710,2017-05-02 14:09:24+02,2018-08-30 18:20:22.799944+02
23,"",t,712,2017-05-02 14:09:24+02,2018-08-30 18:20:23.599499+02
192,"",t,719,2017-05-02 14:09:26+02,2018-08-30 18:20:24.819629+02
248,"",t,722,2017-05-02 14:09:26+02,2018-08-30 18:20:25.679801+02
2,"",t,723,2017-05-02 14:09:24+02,2018-08-30 18:20:26.139858+02
242,"",t,728,2017-05-02 14:09:24+02,2018-08-30 18:20:29.139902+02
173,"",t,775,2017-05-02 14:09:24+02,2018-08-30 18:20:41.319994+02
239,"",t,795,2017-05-02 14:09:24+02,2018-08-30 18:20:47.610114+02
193,"",t,799,2017-05-02 14:09:24+02,2018-08-30 18:20:49.639968+02
238,"",t,814,2017-05-02 14:09:26+02,2018-08-30 18:20:51.040044+02
224,"",t,817,2017-05-02 14:09:26+02,2018-08-30 18:20:52.259917+02
258,"",t,819,2017-05-02 14:09:24+02,2018-08-30 18:20:53.139946+02
259,"",t,821,2017-05-02 14:09:24+02,2018-08-30 18:20:53.939782+02
217,"",t,844,2017-05-02 14:09:24+02,2018-08-30 18:20:58.099909+02
206,"",t,892,2017-05-02 14:09:25+02,2018-08-30 18:21:11.440371+02
228,"",t,900,2017-05-02 14:09:25+02,2018-08-30 18:21:12.980083+02
218,"",t,921,2017-05-02 14:09:25+02,2018-08-30 18:21:24.099617+02
178,"",t,927,2017-05-02 14:09:25+02,2018-08-30 18:21:26.560819+02
249,"",t,931,2017-05-02 14:09:25+02,2018-08-30 18:21:28.559801+02
271,"",t,355,2017-05-02 14:09:23+02,2017-05-08 09:00:06+02
28,"",f,420,2017-05-02 14:09:26+02,2017-05-08 09:00:06+02
317,"",t,273,2017-05-02 14:09:26+02,2017-05-02 14:09:26+02
319,"",t,459,2017-05-02 14:09:24+02,2017-05-02 14:09:24+02
320,"",f,884,2017-05-02 14:09:25+02,2017-05-18 15:52:34.146+02
321,"",t,616,2017-05-02 14:09:24+02,2017-05-08 09:00:06+02
324,"",t,482,2017-05-02 14:09:24+02,2017-05-08 09:00:06+02
347,"",f,621,2017-05-02 14:09:26+02,2017-05-02 14:09:26+02
305,"",t,38,2017-05-02 14:09:23+02,2018-08-30 18:16:11.832202+02
301,"",t,43,2017-05-02 14:09:23+02,2018-08-30 18:16:13.172039+02
308,"",t,52,2017-05-02 14:09:23+02,2018-08-30 18:16:17.011779+02
315,"",t,67,2017-05-02 14:09:23+02,2018-08-30 18:16:24.571639+02
313,"",t,82,2017-05-02 14:09:26+02,2018-08-30 18:16:48.498762+02
289,"",t,88,2017-05-02 14:09:23+02,2018-08-30 18:16:49.418998+02
343,"",t,89,2017-05-02 14:09:23+02,2018-08-30 18:16:49.839553+02
335,"",t,134,2017-05-02 14:09:23+02,2018-08-30 18:16:56.491344+02
261,"",t,177,2017-05-02 14:09:23+02,2018-08-30 18:17:05.712044+02
304,"",t,185,2017-05-02 14:09:23+02,2018-08-30 18:17:07.29863+02
3,"",t,187,2017-05-02 14:09:23+02,2018-08-30 18:17:07.891852+02
318,"",t,193,2017-05-02 14:09:23+02,2018-08-30 18:17:08.918954+02
344,"",t,212,2017-05-02 14:09:26+02,2018-08-30 18:17:15.611953+02
306,"",t,215,2017-05-02 14:09:23+02,2018-08-30 18:17:16.852633+02
333,"",t,219,2017-05-02 14:09:23+02,2018-08-30 18:17:18.224548+02
285,"",t,235,2017-05-02 14:09:23+02,2018-08-30 18:17:23.097608+02
328,"",t,256,2017-05-02 14:09:23+02,2018-08-30 18:17:29.517869+02
346,"",t,288,2017-05-02 14:09:23+02,2018-08-30 18:17:42.137906+02
265,"",t,303,2017-05-02 14:09:23+02,2018-08-30 18:17:46.657721+02
270,"",t,335,2017-05-02 14:09:25+02,2018-08-30 18:17:53.317989+02
334,"",t,345,2017-05-02 14:09:23+02,2018-08-30 18:17:56.918022+02
339,"",t,357,2017-05-02 14:09:23+02,2018-08-30 18:18:00.277619+02
277,"",t,372,2017-05-02 14:09:23+02,2018-08-30 18:18:06.498164+02
286,"",t,373,2017-05-02 14:09:26+02,2018-08-30 18:18:06.938268+02
273,"",t,397,2017-05-02 14:09:25+02,2018-08-30 18:18:14.920163+02
309,"",t,427,2017-05-02 14:09:23+02,2018-08-30 18:18:22.580037+02
303,"",t,433,2017-05-02 14:09:23+02,2018-08-30 18:18:24.140641+02
297,"",t,436,2017-05-02 14:09:23+02,2018-08-30 18:18:25.24004+02
299,"",t,448,2017-05-02 14:09:23+02,2018-08-30 18:18:31.619948+02
290,"",t,455,2017-05-02 14:09:23+02,2018-08-30 18:18:33.299547+02
272,"",t,458,2017-05-02 14:09:24+02,2018-08-30 18:18:34.560734+02
326,"",t,480,2017-05-02 14:09:24+02,2018-08-30 18:18:45.239493+02
287,"",t,481,2017-05-02 14:09:24+02,2018-08-30 18:18:46.047713+02
32,"",t,485,2017-05-02 14:09:24+02,2018-08-30 18:18:46.459928+02
323,"",t,514,2017-05-02 14:09:24+02,2018-08-30 18:18:51.579842+02
269,"",t,526,2017-05-02 14:09:24+02,2018-08-30 18:18:53.108926+02
300,"",t,540,2017-05-02 14:09:24+02,2018-08-30 18:18:57.160167+02
332,"",t,547,2017-05-02 14:09:26+02,2018-08-30 18:18:59.799932+02
338,"",t,570,2017-05-02 14:09:24+02,2018-08-30 18:19:05.49998+02
283,"",t,582,2017-05-02 14:09:26+02,2018-08-30 18:19:20.159896+02
268,"",t,585,2017-05-02 14:09:24+02,2018-08-30 18:19:23.207691+02
294,"",t,597,2017-05-02 14:09:24+02,2018-08-30 18:19:35.819642+02
327,"",t,634,2017-05-02 14:09:24+02,2018-08-30 18:20:02.799855+02
316,"",t,676,2017-05-02 14:09:24+02,2018-08-30 18:20:11.499424+02
34,"",t,677,2017-05-02 14:09:24+02,2018-08-30 18:20:12.179509+02
330,"",t,678,2017-05-02 14:09:24+02,2018-08-30 18:20:12.727924+02
312,"",t,695,2017-05-02 14:09:24+02,2018-08-30 18:20:16.079582+02
345,"",t,703,2017-05-02 14:09:24+02,2018-08-30 18:20:18.700481+02
33,"",t,716,2017-05-02 14:09:24+02,2018-08-30 18:20:24.399822+02
293,"",t,724,2017-05-02 14:09:24+02,2018-08-30 18:20:26.53947+02
307,"",t,725,2017-05-02 14:09:24+02,2018-08-30 18:20:26.926504+02
302,"",t,727,2017-05-02 14:09:24+02,2018-08-30 18:20:27.788233+02
337,"",t,737,2017-05-02 14:09:24+02,2018-08-30 18:20:33.599917+02
325,"",t,761,2017-05-02 14:09:24+02,2018-08-30 18:20:38.267138+02
267,"",t,822,2017-05-02 14:09:26+02,2018-08-30 18:20:54.319843+02
275,"",t,835,2017-05-02 14:09:24+02,2018-08-30 18:20:55.639557+02
264,"",t,836,2017-05-02 14:09:24+02,2018-08-30 18:20:56.040117+02
295,"",t,840,2017-05-02 14:09:24+02,2018-08-30 18:20:56.460319+02
29,"",t,841,2017-05-02 14:09:24+02,2018-08-30 18:20:56.860081+02
284,"",t,852,2017-05-02 14:09:24+02,2018-08-30 18:20:59.366971+02
310,"",t,853,2017-05-02 14:09:26+02,2018-08-30 18:20:59.779547+02
341,"",t,859,2017-05-02 14:09:24+02,2018-08-30 18:21:01.800305+02
331,"",t,876,2017-05-02 14:09:25+02,2018-08-30 18:21:07.44028+02
288,"",t,905,2017-05-02 14:09:25+02,2018-08-30 18:21:19.768177+02
322,"",t,918,2017-05-02 14:09:25+02,2018-08-30 18:21:23.180263+02
311,"",t,925,2017-05-02 14:09:25+02,2018-08-30 18:21:25.579798+02
278,"",t,932,2017-05-02 14:09:26+02,2018-08-30 18:21:28.959609+02
30,"",t,936,2017-05-02 14:09:25+02,2018-08-30 18:21:30.581028+02
298,"",t,937,2017-05-02 14:09:25+02,2018-08-30 18:21:30.999969+02
349,"",f,228,2017-05-02 14:09:26+02,2017-05-08 09:00:06+02
355,"",t,865,2017-05-02 14:09:26+02,2017-05-02 14:09:26+02
362,"",t,718,2017-05-02 14:09:24+02,2017-05-08 09:00:06+02
380,"",t,901,2017-05-02 14:09:25+02,2017-05-02 14:09:25+02
405,"",t,878,2017-05-02 14:09:25+02,2017-05-02 14:09:25+02
409,"",t,167,2017-05-02 14:09:26+02,2017-05-08 09:00:06+02
411,"",f,225,2017-05-02 14:09:26+02,2017-05-08 09:00:06+02
431,"",t,791,2017-05-02 14:09:24+02,2017-05-08 09:00:06+02
399,"",t,35,2017-05-02 14:09:23+02,2018-08-30 18:16:10.691885+02
418,"",t,44,2017-05-02 14:09:23+02,2018-08-30 18:16:14.151768+02
430,"",t,51,2017-05-02 14:09:23+02,2018-08-30 18:16:16.611737+02
382,"",t,56,2017-05-02 14:09:23+02,2018-08-30 18:16:19.798639+02
369,"",t,62,2017-05-02 14:09:23+02,2018-08-30 18:16:22.572106+02
364,"",t,100,2017-05-02 14:09:23+02,2018-08-30 18:16:25.919055+02
438,"",t,98,2017-05-02 14:09:23+02,2018-08-30 18:16:52.251503+02
404,"",t,125,2017-05-02 14:09:23+02,2018-08-30 18:16:54.29159+02
354,"",t,130,2017-05-02 14:09:23+02,2018-08-30 18:16:56.07979+02
433,"",t,164,2017-05-02 14:09:23+02,2018-08-30 18:17:02.099964+02
361,"",t,194,2017-05-02 14:09:23+02,2018-08-30 18:17:09.551617+02
42,"",t,206,2017-05-02 14:09:23+02,2018-08-30 18:17:13.772061+02
353,"",t,221,2017-05-02 14:09:26+02,2018-08-30 18:17:19.037913+02
424,"",t,222,2017-05-02 14:09:26+02,2018-08-30 18:17:19.4579+02
386,"",t,233,2017-05-02 14:09:23+02,2018-08-30 18:17:21.218021+02
350,"",t,234,2017-05-02 14:09:23+02,2018-08-30 18:17:22.104681+02
384,"",t,237,2017-05-02 14:09:23+02,2018-08-30 18:17:23.537961+02
372,"",t,238,2017-05-02 14:09:23+02,2018-08-30 18:17:24.058066+02
423,"",t,245,2017-05-02 14:09:23+02,2018-08-30 18:17:26.078367+02
397,"",t,266,2017-05-02 14:09:23+02,2018-08-30 18:17:34.858471+02
38,"",t,272,2017-05-02 14:09:26+02,2018-08-30 18:17:38.238267+02
393,"",t,289,2017-05-02 14:09:23+02,2018-08-30 18:17:42.637953+02
377,"",t,297,2017-05-02 14:09:23+02,2018-08-30 18:17:44.277697+02
4,"",t,300,2017-05-02 14:09:23+02,2018-08-30 18:17:45.217743+02
358,"",t,308,2017-05-02 14:09:23+02,2018-08-30 18:17:47.79759+02
379,"",t,311,2017-05-02 14:09:23+02,2018-08-30 18:17:48.778138+02
356,"",t,317,2017-05-02 14:09:23+02,2018-08-30 18:17:50.724488+02
371,"",t,328,2017-05-02 14:09:23+02,2018-08-30 18:17:51.698043+02
37,"",t,338,2017-05-02 14:09:23+02,2018-08-30 18:17:53.817815+02
41,"",t,346,2017-05-02 14:09:23+02,2018-08-30 18:17:57.777555+02
427,"",t,356,2017-05-02 14:09:23+02,2018-08-30 18:17:59.637656+02
365,"",t,360,2017-05-02 14:09:23+02,2018-08-30 18:18:02.338084+02
388,"",t,375,2017-05-02 14:09:23+02,2018-08-30 18:18:07.35807+02
367,"",t,376,2017-05-02 14:09:23+02,2018-08-30 18:18:07.85799+02
429,"",t,383,2017-05-02 14:09:23+02,2018-08-30 18:18:10.677856+02
421,"",t,395,2017-05-02 14:09:25+02,2018-08-30 18:18:14.339815+02
435,"",t,457,2017-05-02 14:09:23+02,2018-08-30 18:18:34.159743+02
406,"",t,477,2017-05-02 14:09:24+02,2018-08-30 18:18:42.947547+02
36,"",t,478,2017-05-02 14:09:24+02,2018-08-30 18:18:43.840001+02
419,"",t,501,2017-05-02 14:09:24+02,2018-08-30 18:18:48.779534+02
417,"",t,513,2017-05-02 14:09:24+02,2018-08-30 18:18:50.999363+02
408,"",t,534,2017-05-02 14:09:24+02,2018-08-30 18:18:56.328049+02
385,"",t,535,2017-05-02 14:09:24+02,2018-08-30 18:18:56.727261+02
375,"",t,553,2017-05-02 14:09:26+02,2018-08-30 18:19:01.399687+02
378,"",t,668,2017-05-02 14:09:24+02,2018-08-30 18:20:09.919559+02
39,"",t,687,2017-05-02 14:09:24+02,2018-08-30 18:20:14.73994+02
368,"",t,690,2017-05-02 14:09:24+02,2018-08-30 18:20:15.407606+02
35,"",t,697,2017-05-02 14:09:24+02,2018-08-30 18:20:17.499824+02
370,"",t,711,2017-05-02 14:09:26+02,2018-08-30 18:20:23.187669+02
410,"",t,729,2017-05-02 14:09:24+02,2018-08-30 18:20:30.380278+02
402,"",t,730,2017-05-02 14:09:26+02,2018-08-30 18:20:30.919985+02
352,"",t,771,2017-05-02 14:09:24+02,2018-08-30 18:20:40.259677+02
389,"",t,772,2017-05-02 14:09:24+02,2018-08-30 18:20:40.920043+02
425,"",t,776,2017-05-02 14:09:24+02,2018-08-30 18:20:41.947488+02
366,"",t,792,2017-05-02 14:09:24+02,2018-08-30 18:20:46.620378+02
359,"",t,796,2017-05-02 14:09:24+02,2018-08-30 18:20:48.007943+02
428,"",t,834,2017-05-02 14:09:24+02,2018-08-30 18:20:55.239922+02
407,"",t,856,2017-05-02 14:09:24+02,2018-08-30 18:21:00.979938+02
381,"",t,877,2017-05-02 14:09:25+02,2018-08-30 18:21:08.000002+02
390,"",t,880,2017-05-02 14:09:25+02,2018-08-30 18:21:08.640144+02
348,"",t,902,2017-05-02 14:09:25+02,2018-08-30 18:21:18.801312+02
396,"",t,916,2017-05-02 14:09:25+02,2018-08-30 18:21:22.579696+02
434,"",t,924,2017-05-02 14:09:25+02,2018-08-30 18:21:24.880015+02
401,"",t,929,2017-05-02 14:09:25+02,2018-08-30 18:21:27.360221+02
376,"",t,930,2017-05-02 14:09:25+02,2018-08-30 18:21:28.179947+02
43,"",t,935,2017-05-02 14:09:25+02,2018-08-30 18:21:30.160507+02
383,"",t,938,2017-05-02 14:09:25+02,2018-08-30 18:21:31.399642+02
441,"",t,217,2017-05-02 14:09:26+02,2017-05-08 09:00:06+02
443,"",f,620,2017-05-02 14:09:26+02,2017-05-02 14:09:26+02
450,"",t,155,2017-05-02 14:09:23+02,2017-05-08 09:00:06+02
451,"",t,366,2017-05-02 14:09:23+02,2017-05-02 14:09:23+02
474,"",t,618,2017-05-02 14:09:26+02,2017-05-08 09:00:06+02
485,"",t,689,2017-05-02 14:09:24+02,2017-05-02 14:09:24+02
491,"",t,787,2017-05-02 14:09:26+02,2017-05-08 09:00:06+02
504,"",f,622,2017-05-02 14:09:26+02,2017-05-02 14:09:26+02
511,"",f,227,2017-05-02 14:09:26+02,2017-05-08 09:00:06+02
513,"",t,274,2017-05-02 14:09:26+02,2017-05-08 09:00:06+02
515,"",t,183,2017-05-02 14:09:23+02,2017-05-08 09:00:06+02
527,"",t,133,2017-05-02 14:09:26+02,2017-05-08 09:00:06+02
506,"",t,20,2017-05-02 14:09:23+02,2018-08-30 18:16:03.951913+02
483,"",t,26,2017-05-02 14:09:23+02,2018-08-30 18:16:07.371582+02
526,"",t,27,2017-05-02 14:09:23+02,2018-08-30 18:16:08.171479+02
482,"",t,33,2017-05-02 14:09:23+02,2018-08-30 18:16:08.55199+02
488,"",t,46,2017-05-02 14:09:23+02,2018-08-30 18:16:14.951538+02
447,"",t,49,2017-05-02 14:09:23+02,2018-08-30 18:16:15.771753+02
466,"",t,101,2017-05-02 14:09:23+02,2018-08-30 18:16:26.431817+02
508,"",t,95,2017-05-02 14:09:23+02,2018-08-30 18:16:51.071403+02
520,"",t,97,2017-05-02 14:09:23+02,2018-08-30 18:16:51.871819+02
505,"",t,126,2017-05-02 14:09:23+02,2018-08-30 18:16:54.698552+02
469,"",t,154,2017-05-02 14:09:23+02,2018-08-30 18:16:59.791803+02
44,"",t,156,2017-05-02 14:09:23+02,2018-08-30 18:17:00.891771+02
459,"",t,166,2017-05-02 14:09:23+02,2018-08-30 18:17:04.092539+02
486,"",t,195,2017-05-02 14:09:23+02,2018-08-30 18:17:10.079934+02
478,"",t,199,2017-05-02 14:09:23+02,2018-08-30 18:17:11.266787+02
507,"",t,214,2017-05-02 14:09:23+02,2018-08-30 18:17:16.412116+02
481,"",t,229,2017-05-02 14:09:23+02,2018-08-30 18:17:20.237537+02
502,"",t,244,2017-05-02 14:09:23+02,2018-08-30 18:17:25.39835+02
518,"",t,280,2017-05-02 14:09:23+02,2018-08-30 18:17:39.957835+02
458,"",t,301,2017-05-02 14:09:23+02,2018-08-30 18:17:45.697819+02
465,"",t,314,2017-05-02 14:09:23+02,2018-08-30 18:17:50.098099+02
528,"",t,349,2017-05-02 14:09:26+02,2018-08-30 18:17:58.338315+02
512,"",t,353,2017-05-02 14:09:23+02,2018-08-30 18:17:58.745761+02
521,"",t,362,2017-05-02 14:09:23+02,2018-08-30 18:18:02.717591+02
444,"",t,364,2017-05-02 14:09:26+02,2018-08-30 18:18:04.097752+02
462,"",t,365,2017-05-02 14:09:23+02,2018-08-30 18:18:04.497944+02
45,"",t,380,2017-05-02 14:09:23+02,2018-08-30 18:18:09.324961+02
454,"",t,387,2017-05-02 14:09:23+02,2018-08-30 18:18:11.617984+02
473,"",t,388,2017-05-02 14:09:23+02,2018-08-30 18:18:11.997971+02
479,"",t,389,2017-05-02 14:09:23+02,2018-08-30 18:18:12.577634+02
452,"",t,405,2017-05-02 14:09:25+02,2018-08-30 18:18:17.119806+02
493,"",t,438,2017-05-02 14:09:23+02,2018-08-30 18:18:27.439543+02
498,"",t,440,2017-05-02 14:09:23+02,2018-08-30 18:18:27.839623+02
446,"",t,441,2017-05-02 14:09:23+02,2018-08-30 18:18:28.399922+02
492,"",t,449,2017-05-02 14:09:23+02,2018-08-30 18:18:32.079777+02
477,"",t,467,2017-05-02 14:09:24+02,2018-08-30 18:18:36.219719+02
471,"",t,474,2017-05-02 14:09:24+02,2018-08-30 18:18:40.199612+02
449,"",t,476,2017-05-02 14:09:24+02,2018-08-30 18:18:41.739843+02
47,"",t,495,2017-05-02 14:09:24+02,2018-08-30 18:18:47.79949+02
497,"",t,525,2017-05-02 14:09:26+02,2018-08-30 18:18:52.079739+02
509,"",t,527,2017-05-02 14:09:24+02,2018-08-30 18:18:53.527084+02
440,"",t,528,2017-05-02 14:09:24+02,2018-08-30 18:18:53.919836+02
503,"",t,530,2017-05-02 14:09:24+02,2018-08-30 18:18:54.720093+02
463,"",t,544,2017-05-02 14:09:24+02,2018-08-30 18:18:58.968098+02
516,"",t,546,2017-05-02 14:09:26+02,2018-08-30 18:18:59.37992+02
529,"",t,556,2017-05-02 14:09:24+02,2018-08-30 18:19:02.17964+02
517,"",t,587,2017-05-02 14:09:24+02,2018-08-30 18:19:26.139991+02
442,"",t,642,2017-05-02 14:09:24+02,2018-08-30 18:20:04.179649+02
489,"",t,649,2017-05-02 14:09:24+02,2018-08-30 18:20:05.540103+02
53,"",t,655,2017-05-02 14:09:24+02,2018-08-30 18:20:06.740056+02
490,"",t,702,2017-05-02 14:09:24+02,2018-08-30 18:20:18.09858+02
456,"",t,714,2017-05-02 14:09:24+02,2018-08-30 18:20:24.000006+02
494,"",t,732,2017-05-02 14:09:24+02,2018-08-30 18:20:31.702655+02
52,"",t,777,2017-05-02 14:09:24+02,2018-08-30 18:20:42.924889+02
514,"",t,779,2017-05-02 14:09:24+02,2018-08-30 18:20:43.584793+02
51,"",t,812,2017-05-02 14:09:24+02,2018-08-30 18:20:50.219499+02
519,"",t,813,2017-05-02 14:09:24+02,2018-08-30 18:20:50.628148+02
453,"",t,850,2017-05-02 14:09:24+02,2018-08-30 18:20:58.859799+02
487,"",t,870,2017-05-02 14:09:24+02,2018-08-30 18:21:05.080455+02
49,"",t,872,2017-05-02 14:09:25+02,2018-08-30 18:21:05.639574+02
501,"",t,881,2017-05-02 14:09:25+02,2018-08-30 18:21:09.582965+02
460,"",t,882,2017-05-02 14:09:25+02,2018-08-30 18:21:10.627876+02
467,"",t,894,2017-05-02 14:09:25+02,2018-08-30 18:21:12.339802+02
448,"",t,906,2017-05-02 14:09:25+02,2018-08-30 18:21:20.719614+02
523,"",t,914,2017-05-02 14:09:25+02,2018-08-30 18:21:21.479852+02
510,"",t,928,2017-05-02 14:09:25+02,2018-08-30 18:21:26.959993+02
532,"",f,625,2017-05-02 14:09:26+02,2017-05-02 14:09:26+02
550,"",t,1004,2017-05-02 14:09:26+02,2017-05-02 14:09:26+02
551,"",t,1005,2017-05-02 14:09:26+02,2017-05-08 09:00:06+02
552,"",t,1007,2017-05-02 14:09:26+02,2017-05-02 14:09:26+02
556,"",t,1013,2017-05-02 14:09:26+02,2017-05-02 14:09:26+02
557,"",f,1014,2017-05-02 14:09:26+02,2017-05-02 14:09:26+02
558,"",f,1015,2017-05-02 14:09:26+02,2017-05-02 14:09:26+02
559,"",f,1016,2017-05-02 14:09:26+02,2017-05-02 14:09:26+02
560,"",f,1017,2017-05-02 14:09:26+02,2017-05-02 14:09:26+02
564,"",f,1022,2017-05-02 14:09:26+02,2017-05-02 14:09:26+02
565,"",f,1023,2017-05-02 14:09:26+02,2017-05-02 14:09:26+02
566,"",f,1024,2017-05-02 14:09:26+02,2017-05-02 14:09:26+02
567,"",f,1025,2017-05-02 14:09:26+02,2017-05-02 14:09:26+02
568,"",f,1026,2017-05-02 14:09:26+02,2017-05-08 09:00:06+02
569,"",f,1027,2017-05-02 14:09:26+02,2017-05-02 14:09:26+02
570,"",f,1028,2017-05-02 14:09:26+02,2017-05-02 14:09:26+02
572,"",f,1030,2017-05-02 14:09:26+02,2017-05-02 14:09:26+02
575,"",f,1036,2017-05-02 14:09:26+02,2017-05-02 14:09:26+02
577,"",f,1038,2017-05-02 14:09:26+02,2017-05-02 14:09:26+02
578,"",f,1039,2017-05-02 14:09:26+02,2017-05-08 09:00:06+02
579,"",f,1040,2017-05-02 14:09:26+02,2017-05-08 09:00:06+02
580,"",f,1041,2017-05-02 14:09:26+02,2017-05-02 14:09:26+02
581,"",f,1042,2017-05-02 14:09:26+02,2017-05-08 09:00:06+02
582,"",f,1043,2017-05-02 14:09:26+02,2017-05-02 14:09:26+02
583,"",f,1044,2017-05-02 14:09:26+02,2017-05-08 09:00:06+02
584,"",f,1045,2017-05-02 14:09:26+02,2017-05-08 09:00:06+02
585,"",t,1047,2017-05-02 14:09:24+02,2017-05-02 14:09:24+02
586,"",f,1048,2017-05-02 14:09:26+02,2017-05-08 09:00:06+02
587,"",f,1049,2017-05-02 14:09:26+02,2017-05-02 14:09:26+02
588,"",f,1050,2017-05-02 14:09:26+02,2017-05-08 09:00:06+02
593,"",f,1055,2017-05-02 14:09:26+02,2017-05-08 09:00:06+02
594,"",f,1056,2017-05-02 14:09:26+02,2017-05-02 14:09:26+02
595,"",f,1057,2017-05-02 14:09:26+02,2017-05-02 14:09:26+02
596,"",f,1058,2017-05-02 14:09:26+02,2017-05-02 14:09:26+02
597,"",f,1059,2017-05-02 14:09:26+02,2017-05-02 14:09:26+02
599,"",t,1062,2017-05-02 14:09:26+02,2017-05-08 09:00:06+02
602,"",f,1065,2017-05-02 14:09:26+02,2017-05-02 14:09:26+02
603,"",f,1066,2017-05-02 14:09:26+02,2017-05-08 09:00:06+02
604,"",f,1067,2017-05-02 14:09:26+02,2017-05-02 14:09:26+02
605,"",f,1068,2017-05-02 14:09:26+02,2017-05-02 14:09:26+02
609,"",f,1072,2017-05-02 14:09:26+02,2017-05-02 14:09:26+02
61,"",t,658,2017-05-02 14:09:24+02,2017-05-02 14:09:24+02
610,"",t,1073,2017-05-02 14:09:24+02,2017-05-08 09:00:06+02
611,"",t,1074,2017-05-02 14:09:24+02,2017-05-02 14:09:24+02
613,"",t,1076,2017-05-02 14:09:26+02,2017-05-08 09:00:06+02
615,"",t,1078,2017-05-02 14:09:26+02,2017-05-02 14:09:26+02
616,"",t,1079,2017-05-02 14:09:24+02,2017-05-02 14:09:24+02
617,"",f,1080,2017-05-02 14:09:26+02,2017-05-02 14:09:26+02
618,"",f,1081,2017-05-02 14:09:26+02,2017-05-08 09:00:06+02
619,"",f,1082,2017-05-02 14:09:26+02,2017-05-08 09:00:06+02
622,"",f,1087,2017-05-02 14:09:26+02,2017-05-02 14:09:26+02
623,"",f,1088,2017-05-02 14:09:26+02,2017-05-02 14:09:26+02
590,"",t,1052,2017-05-02 14:09:26+02,2018-08-30 18:16:00.031785+02
531,"",t,58,2017-05-02 14:09:23+02,2018-08-30 18:16:20.211734+02
538,"",t,191,2017-05-02 14:09:23+02,2018-08-30 18:17:08.272389+02
541,"",t,196,2017-05-02 14:09:23+02,2018-08-30 18:17:10.77859+02
56,"",t,209,2017-05-02 14:09:23+02,2018-08-30 18:17:14.712315+02
598,"",t,1061,2017-05-02 14:09:26+02,2018-08-30 18:17:15.211742+02
546,"",t,253,2017-05-02 14:09:23+02,2018-08-30 18:17:28.724455+02
539,"",t,310,2017-05-02 14:09:23+02,2018-08-30 18:17:48.398206+02
621,"",t,1086,2017-05-02 14:09:26+02,2018-08-30 18:17:55.098071+02
534,"",t,368,2017-05-02 14:09:23+02,2018-08-30 18:18:04.997934+02
574,"",t,1034,2017-05-02 14:09:23+02,2018-08-30 18:18:22.179968+02
576,"",t,1037,2017-05-02 14:09:23+02,2018-08-30 18:18:27.039836+02
544,"",t,452,2017-05-02 14:09:23+02,2018-08-30 18:18:32.859302+02
545,"",t,465,2017-05-02 14:09:24+02,2018-08-30 18:18:35.819757+02
608,"",t,1071,2017-05-02 14:09:24+02,2018-08-30 18:18:37.408702+02
563,"",t,1021,2017-05-02 14:09:24+02,2018-08-30 18:18:55.939874+02
58,"",t,549,2017-05-02 14:09:24+02,2018-08-30 18:19:00.580067+02
540,"",t,557,2017-05-02 14:09:24+02,2018-08-30 18:19:02.580019+02
612,"",t,1075,2017-05-02 14:09:24+02,2018-08-30 18:20:00.299757+02
614,"",t,1077,2017-05-02 14:09:24+02,2018-08-30 18:20:00.939886+02
59,"",t,664,2017-05-02 14:09:24+02,2018-08-30 18:20:08.467921+02
607,"",t,1070,2017-05-02 14:09:24+02,2018-08-30 18:20:25.280216+02
535,"",t,735,2017-05-02 14:09:24+02,2018-08-30 18:20:33.220053+02
57,"",t,781,2017-05-02 14:09:24+02,2018-08-30 18:20:44.167163+02
6,"",t,785,2017-05-02 14:09:26+02,2018-08-30 18:20:45.360136+02
543,"",t,786,2017-05-02 14:09:24+02,2018-08-30 18:20:45.759994+02
561,"",t,1019,2017-05-02 14:09:24+02,2018-08-30 18:20:48.820039+02
562,"",t,1020,2017-05-02 14:09:24+02,2018-08-30 18:20:49.259812+02
600,"",t,1063,2017-05-02 14:09:24+02,2018-08-30 18:20:57.639979+02
548,"",t,1001,2017-05-02 14:09:25+02,2018-08-30 18:21:03.319854+02
55,"",t,919,2017-05-02 14:09:25+02,2018-08-30 18:21:23.559752+02
624,"",f,1089,2017-05-02 14:09:26+02,2017-05-02 14:09:26+02
625,"",f,1090,2017-05-02 14:09:26+02,2017-05-08 09:00:06+02
626,"",f,1091,2017-05-02 14:09:26+02,2017-05-02 14:09:26+02
627,"",f,1092,2017-05-02 14:09:26+02,2017-05-02 14:09:26+02
628,"",f,1093,2017-05-02 14:09:26+02,2017-05-08 09:00:06+02
630,"",t,1095,2017-05-02 14:09:24+02,2017-05-02 14:09:24+02
631,"",f,1096,2017-05-02 14:09:26+02,2017-05-02 14:09:26+02
632,"",f,1097,2017-05-02 14:09:26+02,2017-05-02 14:09:26+02
633,"",f,1098,2017-05-02 14:09:26+02,2017-05-02 14:09:26+02
634,"",f,1099,2017-05-02 14:09:26+02,2017-05-02 14:09:26+02
635,"",f,1100,2017-05-02 14:09:26+02,2017-05-02 14:09:26+02
636,"",f,1101,2017-05-02 14:09:26+02,2017-05-08 09:00:06+02
638,"",f,1106,2017-05-02 14:09:26+02,2017-05-02 14:09:26+02
641,"",f,1110,2017-05-02 14:09:26+02,2017-05-08 09:00:06+02
642,"",f,1111,2017-05-02 14:09:26+02,2017-05-02 14:09:26+02
643,"",f,1112,2017-05-02 14:09:26+02,2017-05-02 14:09:26+02
644,"",f,1113,2017-05-02 14:09:26+02,2017-05-02 14:09:26+02
646,"",t,1116,2017-05-02 14:09:26+02,2017-05-08 09:00:06+02
648,"",f,1124,2017-05-02 14:09:26+02,2017-05-02 14:09:26+02
649,"",f,1125,2017-05-02 14:09:26+02,2017-05-02 14:09:26+02
650,"",f,1126,2017-05-02 14:09:26+02,2017-05-08 09:00:06+02
651,"",f,1127,2017-05-02 14:09:26+02,2017-05-02 14:09:26+02
654,"",t,1133,2017-05-02 14:09:24+02,2017-05-08 09:00:06+02
656,"",f,1139,2017-05-02 14:09:23+02,2017-05-02 14:09:23+02
659,"",f,1142,2017-05-02 14:09:26+02,2017-05-02 14:09:26+02
660,"",f,1143,2017-05-02 14:09:26+02,2017-05-08 09:00:06+02
661,"",f,1144,2017-05-02 14:09:26+02,2017-05-02 14:09:26+02
662,"",f,1145,2017-05-02 14:09:26+02,2017-05-02 14:09:26+02
663,"",f,1146,2017-05-02 14:09:26+02,2017-05-08 09:00:06+02
664,"",f,1147,2017-05-02 14:09:26+02,2017-05-02 14:09:26+02
665,"",f,1148,2017-05-02 14:09:26+02,2017-05-02 14:09:26+02
666,"",f,1149,2017-05-02 14:09:26+02,2017-05-08 09:00:06+02
667,"",f,1150,2017-05-02 14:09:26+02,2017-05-08 09:00:06+02
671,"",t,1154,2017-05-02 14:09:24+02,2017-05-02 14:09:24+02
677,"",f,1168,2017-05-02 14:09:26+02,2017-05-02 14:09:26+02
678,"",f,1169,2017-05-02 14:09:26+02,2017-05-02 14:09:26+02
681,"",f,1172,2017-05-02 14:09:26+02,2017-05-02 14:09:26+02
682,"",f,1173,2017-05-02 14:09:26+02,2017-05-08 09:00:06+02
683,"",f,1174,2017-05-02 14:09:26+02,2017-05-02 14:09:26+02
687,"",f,1180,2017-05-02 14:09:26+02,2017-05-02 14:09:26+02
688,"",f,1181,2017-05-02 14:09:26+02,2017-05-02 14:09:26+02
692,Q,t,33,2017-05-02 14:09:23+02,2017-05-08 09:00:06+02
697,V8,t,67,2017-05-02 14:09:23+02,2017-05-08 09:00:06+02
698,W12,t,67,2017-05-02 14:09:23+02,2017-05-08 09:00:06+02
7,"",t,699,2017-05-02 14:09:24+02,2017-05-02 14:09:24+02
701,GT3,t,63,2017-05-02 14:09:23+02,2017-05-08 09:00:06+02
652,"",t,1129,2017-05-02 14:09:23+02,2018-08-30 18:16:04.732144+02
693,V8,t,1129,2017-05-02 14:09:23+02,2018-08-30 18:16:05.111864+02
694,V12,t,1129,2017-05-02 14:09:23+02,2018-08-30 18:16:05.492015+02
691,Volante,t,23,2017-05-02 14:09:23+02,2018-08-30 18:16:06.251867+02
684,"",t,1176,2017-05-02 14:09:23+02,2018-08-30 18:16:09.392516+02
685,"",t,1178,2017-05-02 14:09:23+02,2018-08-30 18:16:09.791772+02
686,"",t,1179,2017-05-02 14:09:23+02,2018-08-30 18:16:10.231889+02
695,L,t,43,2017-05-02 14:09:23+02,2018-08-30 18:16:13.591935+02
696,RS,t,58,2017-05-02 14:09:23+02,2018-08-30 18:16:20.592097+02
700,GT,t,63,2017-05-02 14:09:23+02,2018-08-30 18:16:23.751847+02
702,GTC,t,63,2017-05-02 14:09:23+02,2018-08-30 18:16:24.131664+02
647,"",t,1123,2017-05-02 14:09:23+02,2018-08-30 18:16:27.218957+02
703,116i,t,69,2017-05-02 14:09:23+02,2018-08-30 18:16:27.612064+02
704,118i,t,69,2017-05-02 14:09:23+02,2018-08-30 18:16:27.992187+02
705,120i,t,69,2017-05-02 14:09:23+02,2018-08-30 18:16:28.39194+02
706,125i,t,69,2017-05-02 14:09:23+02,2018-08-30 18:16:28.771848+02
707,128i,t,69,2017-05-02 14:09:23+02,2018-08-30 18:16:29.531719+02
708,135i,t,69,2017-05-02 14:09:23+02,2018-08-30 18:16:29.952173+02
709,220i,t,71,2017-05-02 14:09:23+02,2018-08-30 18:16:30.379031+02
70,"",t,110,2017-05-02 14:09:23+02,2018-08-30 18:16:53.03194+02
639,"",t,1107,2017-05-02 14:09:23+02,2018-08-30 18:16:58.291854+02
645,"",t,1114,2017-05-02 14:09:23+02,2018-08-30 18:17:39.558014+02
71,"",t,391,2017-05-02 14:09:23+02,2018-08-30 18:18:13.07782+02
67,"",t,443,2017-05-02 14:09:23+02,2018-08-30 18:18:29.399808+02
65,"",t,450,2017-05-02 14:09:23+02,2018-08-30 18:18:32.479984+02
669,"",t,1152,2017-05-02 14:09:24+02,2018-08-30 18:19:04.660368+02
670,"",t,1153,2017-05-02 14:09:26+02,2018-08-30 18:19:05.099932+02
629,"",t,1094,2017-05-02 14:09:24+02,2018-08-30 18:20:03.199504+02
668,"",t,1151,2017-05-02 14:09:24+02,2018-08-30 18:20:21.979951+02
68,"",t,764,2017-05-02 14:09:24+02,2018-08-30 18:20:39.447947+02
66,"",t,784,2017-05-02 14:09:24+02,2018-08-30 18:20:44.960026+02
63,"",t,818,2017-05-02 14:09:24+02,2018-08-30 18:20:52.661213+02
689,"",t,1182,2017-05-02 14:09:24+02,2018-08-30 18:20:54.719615+02
657,"",t,1140,2017-05-02 14:09:26+02,2018-08-30 18:21:02.199663+02
658,"",t,1141,2017-05-02 14:09:26+02,2018-08-30 18:21:02.940027+02
711,235M,t,71,2017-05-02 14:09:23+02,2017-05-08 09:00:06+02
722,350Ci,t,72,2017-05-02 14:09:23+02,2017-05-08 09:00:06+02
73,"",f,224,2017-05-02 14:09:26+02,2017-05-02 14:09:26+02
737,645,t,79,2017-05-02 14:09:23+02,2017-05-08 09:00:06+02
752,B5,t,75,2017-05-02 14:09:23+02,2017-05-08 09:00:06+02
753,B5 S,t,75,2017-05-02 14:09:23+02,2017-05-08 09:00:06+02
754,B7,t,81,2017-05-02 14:09:23+02,2017-05-08 09:00:06+02
755,B7 Biturbo,t,81,2017-05-02 14:09:23+02,2017-05-08 09:00:06+02
756,428,t,74,2017-05-02 14:09:23+02,2017-05-08 09:00:06+02
757,16.4,t,110,2017-05-02 14:09:23+02,2017-05-02 14:09:23+02
76,"",t,848,2017-05-02 14:09:26+02,2017-05-02 14:09:26+02
760,XL,t,130,2017-05-02 14:09:23+02,2017-05-08 09:00:06+02
761,LTZ,t,1108,2017-05-02 14:09:23+02,2017-05-08 09:00:06+02
762,LS,t,1107,2017-05-02 14:09:23+02,2017-05-02 14:09:23+02
763,LT,t,1107,2017-05-02 14:09:23+02,2017-05-02 14:09:23+02
764,LE,t,150,2017-05-02 14:09:23+02,2017-05-08 09:00:06+02
765,LS,t,150,2017-05-02 14:09:23+02,2017-05-08 09:00:06+02
766,LS,t,154,2017-05-02 14:09:23+02,2017-05-08 09:00:06+02
767,RS,t,154,2017-05-02 14:09:23+02,2017-05-08 09:00:06+02
769,LS,t,155,2017-05-02 14:09:23+02,2017-05-08 09:00:06+02
770,LTZ,t,155,2017-05-02 14:09:23+02,2017-05-08 09:00:06+02
771,SS,t,155,2017-05-02 14:09:23+02,2017-05-08 09:00:06+02
772,LS,t,156,2017-05-02 14:09:23+02,2017-05-08 09:00:06+02
773,LT,t,156,2017-05-02 14:09:23+02,2017-05-08 09:00:06+02
774,LTZ,t,156,2017-05-02 14:09:23+02,2017-05-08 09:00:06+02
779,LS,t,166,2017-05-02 14:09:23+02,2017-05-02 14:09:23+02
780,LT,t,166,2017-05-02 14:09:23+02,2017-05-02 14:09:23+02
781,LTZ,t,166,2017-05-02 14:09:23+02,2017-05-02 14:09:23+02
782,LS,t,172,2017-05-02 14:09:23+02,2017-05-02 14:09:23+02
783,LT,t,172,2017-05-02 14:09:23+02,2017-05-02 14:09:23+02
784,LTZ,t,172,2017-05-02 14:09:23+02,2017-05-02 14:09:23+02
712,316i,t,72,2017-05-02 14:09:23+02,2018-08-30 18:16:32.531912+02
713,318i,t,72,2017-05-02 14:09:23+02,2018-08-30 18:16:32.939105+02
714,320,t,72,2017-05-02 14:09:23+02,2018-08-30 18:16:33.378831+02
715,320i,t,72,2017-05-02 14:09:23+02,2018-08-30 18:16:33.791592+02
716,323i,t,72,2017-05-02 14:09:23+02,2018-08-30 18:16:34.211401+02
717,325i,t,72,2017-05-02 14:09:23+02,2018-08-30 18:16:34.61177+02
719,330ci,t,72,2017-05-02 14:09:23+02,2018-08-30 18:16:35.392297+02
720,330i,t,72,2017-05-02 14:09:23+02,2018-08-30 18:16:35.77162+02
721,335i,t,72,2017-05-02 14:09:23+02,2018-08-30 18:16:36.171621+02
723,420i,t,74,2017-05-02 14:09:23+02,2018-08-30 18:16:36.55211+02
724,428i,t,74,2017-05-02 14:09:23+02,2018-08-30 18:16:36.991954+02
725,435i,t,74,2017-05-02 14:09:23+02,2018-08-30 18:16:37.391866+02
726,520i,t,75,2017-05-02 14:09:23+02,2018-08-30 18:16:37.773144+02
727,523i,t,75,2017-05-02 14:09:23+02,2018-08-30 18:16:38.231916+02
728,525i,t,75,2017-05-02 14:09:23+02,2018-08-30 18:16:38.631515+02
729,528i,t,75,2017-05-02 14:09:23+02,2018-08-30 18:16:39.067816+02
730,530i,t,75,2017-05-02 14:09:23+02,2018-08-30 18:16:39.471423+02
732,540i,t,75,2017-05-02 14:09:23+02,2018-08-30 18:16:40.291705+02
733,545i,t,75,2017-05-02 14:09:23+02,2018-08-30 18:16:40.691303+02
734,550i,t,75,2017-05-02 14:09:23+02,2018-08-30 18:16:41.078826+02
735,630i,t,79,2017-05-02 14:09:23+02,2018-08-30 18:16:41.491332+02
736,640i,t,79,2017-05-02 14:09:23+02,2018-08-30 18:16:42.039447+02
738,645Ci,t,79,2017-05-02 14:09:23+02,2018-08-30 18:16:42.439245+02
739,650i,t,79,2017-05-02 14:09:23+02,2018-08-30 18:16:42.891658+02
740,728,t,81,2017-05-02 14:09:23+02,2018-08-30 18:16:43.691622+02
742,730,t,81,2017-05-02 14:09:23+02,2018-08-30 18:16:44.532357+02
743,735Li,t,81,2017-05-02 14:09:23+02,2018-08-30 18:16:44.911924+02
744,740Li,t,81,2017-05-02 14:09:23+02,2018-08-30 18:16:45.319922+02
745,740i,t,81,2017-05-02 14:09:23+02,2018-08-30 18:16:45.731717+02
746,745i,t,81,2017-05-02 14:09:23+02,2018-08-30 18:16:46.111824+02
747,745Li,t,81,2017-05-02 14:09:23+02,2018-08-30 18:16:46.491783+02
749,750i,t,81,2017-05-02 14:09:23+02,2018-08-30 18:16:47.311882+02
750,750iL,t,81,2017-05-02 14:09:23+02,2018-08-30 18:16:47.711695+02
751,760Li,t,81,2017-05-02 14:09:23+02,2018-08-30 18:16:48.111648+02
758,16.4 Grand Sport,t,110,2017-05-02 14:09:23+02,2018-08-30 18:16:53.411826+02
759,16.4 Super Sport,t,110,2017-05-02 14:09:23+02,2018-08-30 18:16:53.871476+02
768,SS,t,154,2017-05-02 14:09:23+02,2018-08-30 18:17:00.391763+02
775,C1,t,164,2017-05-02 14:09:23+02,2018-08-30 18:17:02.491827+02
776,C5,t,164,2017-05-02 14:09:23+02,2018-08-30 18:17:02.898452+02
777,C6,t,164,2017-05-02 14:09:23+02,2018-08-30 18:17:03.291702+02
778,C7,t,164,2017-05-02 14:09:23+02,2018-08-30 18:17:03.691744+02
785,SS,t,172,2017-05-02 14:09:23+02,2018-08-30 18:17:05.131775+02
72,"",t,286,2017-05-02 14:09:26+02,2018-08-30 18:17:41.606118+02
78,"",t,344,2017-05-02 14:09:23+02,2018-08-30 18:17:56.117816+02
77,"",t,377,2017-05-02 14:09:23+02,2018-08-30 18:18:08.377733+02
74,"",t,445,2017-05-02 14:09:23+02,2018-08-30 18:18:30.240097+02
786,LS,t,177,2017-05-02 14:09:23+02,2017-05-08 09:00:06+02
787,LT,t,177,2017-05-02 14:09:23+02,2017-05-08 09:00:06+02
788,LTZ,t,177,2017-05-02 14:09:23+02,2017-05-08 09:00:06+02
789,LS,t,183,2017-05-02 14:09:23+02,2017-05-08 09:00:06+02
790,LT,t,183,2017-05-02 14:09:23+02,2017-05-08 09:00:06+02
791,LTZ,t,183,2017-05-02 14:09:23+02,2017-05-08 09:00:06+02
792,Reaper,t,183,2017-05-02 14:09:23+02,2017-05-08 09:00:06+02
793,LS,t,187,2017-05-02 14:09:23+02,2017-05-08 09:00:06+02
794,LT,t,187,2017-05-02 14:09:23+02,2017-05-08 09:00:06+02
795,LTZ,t,187,2017-05-02 14:09:23+02,2017-05-08 09:00:06+02
796,LS,t,191,2017-05-02 14:09:23+02,2017-05-08 09:00:06+02
797,LT,t,191,2017-05-02 14:09:23+02,2017-05-08 09:00:06+02
798,LTZ,t,191,2017-05-02 14:09:23+02,2017-05-08 09:00:06+02
799,LT,t,193,2017-05-02 14:09:23+02,2017-05-08 09:00:06+02
800,LTZ,t,193,2017-05-02 14:09:23+02,2017-05-08 09:00:06+02
801,LS,t,194,2017-05-02 14:09:23+02,2017-05-08 09:00:06+02
802,LT,t,194,2017-05-02 14:09:23+02,2017-05-08 09:00:06+02
803,LTZ,t,194,2017-05-02 14:09:23+02,2017-05-08 09:00:06+02
804,LTZ,t,195,2017-05-02 14:09:23+02,2017-05-02 14:09:23+02
805,C,t,199,2017-05-02 14:09:23+02,2017-05-08 09:00:06+02
806,Limited,t,199,2017-05-02 14:09:23+02,2017-05-08 09:00:06+02
807,Touring,t,199,2017-05-02 14:09:23+02,2017-05-08 09:00:06+02
810,S,t,201,2017-05-02 14:09:23+02,2017-05-08 09:00:06+02
811,Limited,t,201,2017-05-02 14:09:23+02,2017-05-08 09:00:06+02
812,SRT,t,231,2017-05-02 14:09:23+02,2017-05-02 14:09:23+02
813,R/T,t,233,2017-05-02 14:09:23+02,2017-05-08 09:00:06+02
815,R/T,t,234,2017-05-02 14:09:23+02,2017-05-08 09:00:06+02
817,SXT,t,234,2017-05-02 14:09:23+02,2017-05-08 09:00:06+02
818,R/T,t,235,2017-05-02 14:09:23+02,2017-05-08 09:00:06+02
819,Limited,t,237,2017-05-02 14:09:23+02,2017-05-02 14:09:23+02
820,R/T,t,237,2017-05-02 14:09:23+02,2017-05-02 14:09:23+02
821,SLT,t,237,2017-05-02 14:09:23+02,2017-05-02 14:09:23+02
822,SRT,t,237,2017-05-02 14:09:23+02,2017-05-02 14:09:23+02
823,Limited,t,238,2017-05-02 14:09:23+02,2017-05-08 09:00:06+02
824,R/T,t,238,2017-05-02 14:09:23+02,2017-05-08 09:00:06+02
825,SLT,t,238,2017-05-02 14:09:23+02,2017-05-08 09:00:06+02
827,SRT,t,244,2017-05-02 14:09:23+02,2017-05-02 14:09:23+02
828,1500,t,245,2017-05-02 14:09:23+02,2017-05-08 09:00:06+02
829,1500 SLT,t,245,2017-05-02 14:09:23+02,2017-05-08 09:00:06+02
830,SRT,t,245,2017-05-02 14:09:23+02,2017-05-08 09:00:06+02
840,Pininfaina,t,266,2017-05-02 14:09:23+02,2017-05-02 14:09:23+02
844,GTO,t,259,2017-05-02 14:09:23+02,2017-05-02 14:09:23+02
845,HGTE,t,259,2017-05-02 14:09:23+02,2017-05-02 14:09:23+02
849,LX,t,280,2017-05-02 14:09:23+02,2017-05-08 09:00:06+02
85,"",t,190,2017-05-02 14:09:26+02,2017-05-02 14:09:26+02
850,SE,t,284,2017-05-02 14:09:23+02,2017-05-08 09:00:06+02
851,XLT,t,284,2017-05-02 14:09:23+02,2017-05-08 09:00:06+02
852,Limited,t,288,2017-05-02 14:09:23+02,2017-05-08 09:00:06+02
853,XLT,t,288,2017-05-02 14:09:23+02,2017-05-08 09:00:06+02
854,Limited,t,289,2017-05-02 14:09:23+02,2017-05-08 09:00:06+02
855,XLT,t,289,2017-05-02 14:09:23+02,2017-05-08 09:00:06+02
856,FX4,t,290,2017-05-02 14:09:23+02,2017-05-08 09:00:06+02
809,C SRT,t,201,2017-05-02 14:09:23+02,2018-08-30 18:17:12.871751+02
814,SRT,t,233,2017-05-02 14:09:23+02,2018-08-30 18:17:21.65785+02
816,SRT,t,234,2017-05-02 14:09:23+02,2018-08-30 18:17:22.638091+02
826,SRT,t,238,2017-05-02 14:09:23+02,2018-08-30 18:17:24.838241+02
831,SRT,t,252,2017-05-02 14:09:23+02,2018-08-30 18:17:27.118442+02
841,GTB,t,1054,2017-05-02 14:09:23+02,2018-08-30 18:17:27.938134+02
842,Spider,t,1054,2017-05-02 14:09:23+02,2018-08-30 18:17:28.337924+02
836,TDF,t,263,2017-05-02 14:09:23+02,2018-08-30 18:17:32.837511+02
837,Berlinetta,t,263,2017-05-02 14:09:23+02,2018-08-30 18:17:33.237715+02
838,Scuderia,t,264,2017-05-02 14:09:23+02,2018-08-30 18:17:34.057947+02
839,Spider,t,264,2017-05-02 14:09:23+02,2018-08-30 18:17:34.457633+02
846,Abarth,t,268,2017-05-02 14:09:23+02,2018-08-30 18:17:37.037917+02
847,X,t,268,2017-05-02 14:09:23+02,2018-08-30 18:17:37.438189+02
848,L,t,268,2017-05-02 14:09:23+02,2018-08-30 18:17:37.837996+02
857,Raptor,t,290,2017-05-02 14:09:23+02,2018-08-30 18:17:43.837486+02
81,"",t,302,2017-05-02 14:09:23+02,2018-08-30 18:17:46.158465+02
8,"",t,464,2017-05-02 14:09:24+02,2018-08-30 18:18:35.42017+02
83,"",t,529,2017-05-02 14:09:24+02,2018-08-30 18:18:54.321717+02
80,"",t,542,2017-05-02 14:09:24+02,2018-08-30 18:18:57.627112+02
79,"",t,855,2017-05-02 14:09:24+02,2018-08-30 18:21:00.58017+02
84,"",t,868,2017-05-02 14:09:24+02,2018-08-30 18:21:04.18053+02
858,Roush,t,290,2017-05-02 14:09:23+02,2017-05-08 09:00:06+02
859,Shelby,t,290,2017-05-02 14:09:23+02,2017-05-08 09:00:06+02
860,X Metal,t,290,2017-05-02 14:09:23+02,2017-05-08 09:00:06+02
861,XLT,t,290,2017-05-02 14:09:23+02,2017-05-08 09:00:06+02
862,Limited,t,302,2017-05-02 14:09:23+02,2017-05-08 09:00:06+02
863,Titanium,t,303,2017-05-02 14:09:23+02,2017-05-08 09:00:06+02
865,Roush,t,312,2017-05-02 14:09:23+02,2017-05-08 09:00:06+02
866,Shelby,t,312,2017-05-02 14:09:23+02,2017-05-08 09:00:06+02
867,Shelby GT,t,312,2017-05-02 14:09:23+02,2017-05-08 09:00:06+02
868,UBB,t,312,2017-05-02 14:09:23+02,2017-05-08 09:00:06+02
869,Raptor Roush,t,290,2017-05-02 14:09:23+02,2017-05-08 09:00:06+02
870,Raptor Shelby,t,290,2017-05-02 14:09:23+02,2017-05-08 09:00:06+02
871,Super Duty,t,290,2017-05-02 14:09:23+02,2017-05-08 09:00:06+02
872,Limited,t,317,2017-05-02 14:09:23+02,2017-05-08 09:00:06+02
873,SEL,t,317,2017-05-02 14:09:23+02,2017-05-08 09:00:06+02
875,SE,t,1114,2017-05-02 14:09:23+02,2017-05-08 09:00:06+02
876,SEL,t,1114,2017-05-02 14:09:23+02,2017-05-08 09:00:06+02
877,Sport,t,1114,2017-05-02 14:09:23+02,2017-05-08 09:00:06+02
878,Karma,f,1139,2017-05-02 14:09:23+02,2017-05-02 14:09:23+02
879,Denali,t,328,2017-05-02 14:09:23+02,2017-05-08 09:00:06+02
880,SLT,t,328,2017-05-02 14:09:23+02,2017-05-08 09:00:06+02
881,SLE,t,338,2017-05-02 14:09:23+02,2017-05-02 14:09:23+02
882,SLT,t,338,2017-05-02 14:09:23+02,2017-05-02 14:09:23+02
884,GT,t,339,2017-05-02 14:09:23+02,2017-05-08 09:00:06+02
885,SLE,t,339,2017-05-02 14:09:23+02,2017-05-08 09:00:06+02
886,SL,t,339,2017-05-02 14:09:23+02,2017-05-08 09:00:06+02
887,SLT,t,339,2017-05-02 14:09:23+02,2017-05-08 09:00:06+02
888,EX,t,342,2017-05-02 14:09:23+02,2017-05-08 09:00:06+02
889,LX,t,342,2017-05-02 14:09:23+02,2017-05-08 09:00:06+02
89,"",t,774,2017-05-02 14:09:24+02,2017-05-02 14:09:24+02
890,VT,t,342,2017-05-02 14:09:23+02,2017-05-08 09:00:06+02
891,LX,t,345,2017-05-02 14:09:23+02,2017-05-08 09:00:06+02
893,VT,t,345,2017-05-02 14:09:23+02,2017-05-08 09:00:06+02
894,VS,t,366,2017-05-02 14:09:23+02,2017-05-02 14:09:23+02
895,GL,t,368,2017-05-02 14:09:23+02,2017-05-08 09:00:06+02
896,GLS,t,368,2017-05-02 14:09:23+02,2017-05-08 09:00:06+02
898,35,t,393,2017-05-02 14:09:23+02,2017-05-08 09:00:06+02
899,37,t,393,2017-05-02 14:09:23+02,2017-05-08 09:00:06+02
9,"",t,847,2017-05-02 14:09:24+02,2017-05-02 14:09:24+02
900,35,t,395,2017-05-02 14:09:23+02,2017-05-08 09:00:06+02
901,37,t,395,2017-05-02 14:09:23+02,2017-05-08 09:00:06+02
902,45,t,395,2017-05-02 14:09:23+02,2017-05-08 09:00:06+02
903,50,t,395,2017-05-02 14:09:23+02,2017-05-08 09:00:06+02
908,37,t,405,2017-05-02 14:09:23+02,2017-05-08 09:00:06+02
910,56,t,405,2017-05-02 14:09:23+02,2017-05-08 09:00:06+02
911,35,t,410,2017-05-02 14:09:23+02,2017-05-08 09:00:06+02
917,80,t,410,2017-05-02 14:09:23+02,2017-05-08 09:00:06+02
919,56,t,414,2017-05-02 14:09:23+02,2017-05-08 09:00:06+02
921,65,t,414,2017-05-02 14:09:23+02,2017-05-08 09:00:06+02
925,R-S,t,431,2017-05-02 14:09:23+02,2017-05-08 09:00:06+02
926,12,t,433,2017-05-02 14:09:23+02,2017-05-08 09:00:06+02
927,6,t,433,2017-05-02 14:09:23+02,2017-05-08 09:00:06+02
928,8,t,433,2017-05-02 14:09:23+02,2017-05-08 09:00:06+02
929,L,t,433,2017-05-02 14:09:23+02,2017-05-08 09:00:06+02
932,IR,t,436,2017-05-02 14:09:23+02,2017-05-08 09:00:06+02
874,SHO,t,317,2017-05-02 14:09:23+02,2018-08-30 18:17:51.177808+02
883,Denali,t,339,2017-05-02 14:09:23+02,2018-08-30 18:17:54.718126+02
892,R Type,t,345,2017-05-02 14:09:23+02,2018-08-30 18:17:57.318788+02
897,GT,t,368,2017-05-02 14:09:23+02,2018-08-30 18:18:05.578223+02
904,25,t,397,2017-05-02 14:09:23+02,2018-08-30 18:18:15.539739+02
905,35,t,397,2017-05-02 14:09:23+02,2018-08-30 18:18:15.919907+02
906,37,t,397,2017-05-02 14:09:23+02,2018-08-30 18:18:16.319989+02
924,35,t,403,2017-05-02 14:09:23+02,2018-08-30 18:18:16.720307+02
907,35,t,405,2017-05-02 14:09:23+02,2018-08-30 18:18:17.499602+02
909,45,t,405,2017-05-02 14:09:23+02,2018-08-30 18:18:17.879991+02
912,40,t,410,2017-05-02 14:09:23+02,2018-08-30 18:18:18.319821+02
913,45,t,410,2017-05-02 14:09:23+02,2018-08-30 18:18:18.819893+02
914,50,t,410,2017-05-02 14:09:23+02,2018-08-30 18:18:19.199894+02
915,60,t,410,2017-05-02 14:09:23+02,2018-08-30 18:18:19.599863+02
916,70,t,410,2017-05-02 14:09:23+02,2018-08-30 18:18:19.999842+02
918,50,t,414,2017-05-02 14:09:23+02,2018-08-30 18:18:20.399864+02
920,60,t,414,2017-05-02 14:09:23+02,2018-08-30 18:18:20.860111+02
922,70,t,414,2017-05-02 14:09:23+02,2018-08-30 18:18:21.300192+02
923,80,t,414,2017-05-02 14:09:23+02,2018-08-30 18:18:21.779882+02
930,R,t,433,2017-05-02 14:09:23+02,2018-08-30 18:18:24.59986+02
931,8,t,436,2017-05-02 14:09:23+02,2018-08-30 18:18:25.619813+02
88,"",t,472,2017-05-02 14:09:24+02,2018-08-30 18:18:39.400429+02
92,"",t,665,2017-05-02 14:09:24+02,2018-08-30 18:20:08.859808+02
86,"",t,854,2017-05-02 14:09:24+02,2018-08-30 18:21:00.179684+02
934,Limited,t,438,2017-05-02 14:09:23+02,2017-05-08 09:00:06+02
935,Trailhawk,t,438,2017-05-02 14:09:23+02,2017-05-08 09:00:06+02
936,Limited,t,440,2017-05-02 14:09:23+02,2017-05-08 09:00:06+02
937,Laredo,t,441,2017-05-02 14:09:23+02,2017-05-08 09:00:06+02
938,Limited,t,441,2017-05-02 14:09:23+02,2017-05-08 09:00:06+02
939,Overland,t,441,2017-05-02 14:09:23+02,2017-05-08 09:00:06+02
942,Sahara,t,445,2017-05-02 14:09:23+02,2017-05-08 09:00:06+02
943,Sport,t,445,2017-05-02 14:09:23+02,2017-05-08 09:00:06+02
944,SRT,t,445,2017-05-02 14:09:23+02,2017-05-08 09:00:06+02
947,LP 700,t,472,2017-05-02 14:09:24+02,2017-05-02 14:09:24+02
948,LP 720-4,t,472,2017-05-02 14:09:24+02,2017-05-02 14:09:24+02
949,LP 750,t,472,2017-05-02 14:09:24+02,2017-05-02 14:09:24+02
950,LR 750,t,472,2017-05-02 14:09:24+02,2017-05-02 14:09:24+02
952,LP 560,t,474,2017-05-02 14:09:24+02,2017-05-08 09:00:06+02
953,LR 560,t,474,2017-05-02 14:09:24+02,2017-05-08 09:00:06+02
957,LR 610-4,t,476,2017-05-02 14:09:24+02,2017-05-08 09:00:06+02
960,130,t,478,2017-05-02 14:09:24+02,2017-05-02 14:09:24+02
961,60,t,478,2017-05-02 14:09:24+02,2017-05-02 14:09:24+02
966,Vogue,t,485,2017-05-02 14:09:24+02,2017-05-08 09:00:06+02
967,200,t,489,2017-05-02 14:09:24+02,2017-05-02 14:09:24+02
968,250,t,491,2017-05-02 14:09:24+02,2017-05-08 09:00:06+02
969,300,t,491,2017-05-02 14:09:24+02,2017-05-08 09:00:06+02
970,330,t,491,2017-05-02 14:09:24+02,2017-05-08 09:00:06+02
971,350,t,491,2017-05-02 14:09:24+02,2017-05-08 09:00:06+02
972,250,t,495,2017-05-02 14:09:24+02,2017-05-08 09:00:06+02
973,300,t,495,2017-05-02 14:09:24+02,2017-05-08 09:00:06+02
974,350,t,495,2017-05-02 14:09:24+02,2017-05-08 09:00:06+02
975,400,t,495,2017-05-02 14:09:24+02,2017-05-08 09:00:06+02
976,430,t,495,2017-05-02 14:09:24+02,2017-05-08 09:00:06+02
977,450,t,495,2017-05-02 14:09:24+02,2017-05-08 09:00:06+02
978,460,t,495,2017-05-02 14:09:24+02,2017-05-08 09:00:06+02
979,460,t,499,2017-05-02 14:09:24+02,2017-05-02 14:09:24+02
980,570,t,499,2017-05-02 14:09:24+02,2017-05-02 14:09:24+02
981,200,t,501,2017-05-02 14:09:24+02,2017-05-08 09:00:06+02
982,250,t,501,2017-05-02 14:09:24+02,2017-05-08 09:00:06+02
983,300,t,501,2017-05-02 14:09:24+02,2017-05-08 09:00:06+02
984,350,t,501,2017-05-02 14:09:24+02,2017-05-08 09:00:06+02
985,400,t,507,2017-05-02 14:09:24+02,2017-05-08 09:00:06+02
986,430,t,507,2017-05-02 14:09:24+02,2017-05-08 09:00:06+02
987,460,t,507,2017-05-02 14:09:24+02,2017-05-08 09:00:06+02
988,600,t,507,2017-05-02 14:09:24+02,2017-05-08 09:00:06+02
989,450,t,511,2017-05-02 14:09:24+02,2017-05-08 09:00:06+02
990,470,t,511,2017-05-02 14:09:24+02,2017-05-08 09:00:06+02
991,570,t,511,2017-05-02 14:09:24+02,2017-05-08 09:00:06+02
992,200,t,513,2017-05-02 14:09:24+02,2017-05-02 14:09:24+02
993,300,t,513,2017-05-02 14:09:24+02,2017-05-02 14:09:24+02
994,350,t,514,2017-05-02 14:09:24+02,2017-05-02 14:09:24+02
995,300,t,516,2017-05-02 14:09:24+02,2017-05-08 09:00:06+02
996,330,t,516,2017-05-02 14:09:24+02,2017-05-08 09:00:06+02
997,350,t,516,2017-05-02 14:09:24+02,2017-05-08 09:00:06+02
998,400,t,516,2017-05-02 14:09:24+02,2017-05-08 09:00:06+02
999,450,t,516,2017-05-02 14:09:24+02,2017-05-08 09:00:06+02
mercedes-benz-glc-43,GLC43,t,1167,2018-03-12 15:31:16.121+01,2018-03-12 15:31:16.121+01
97,"",t,354,2017-05-02 14:09:23+02,2018-08-30 18:17:59.258432+02
940,SRT,t,441,2017-05-02 14:09:23+02,2018-08-30 18:18:28.839484+02
941,Rubicon,t,445,2017-05-02 14:09:23+02,2018-08-30 18:18:30.619864+02
945,R,t,1071,2017-05-02 14:09:24+02,2018-08-30 18:18:37.819789+02
946,LP 700-4,t,472,2017-05-02 14:09:24+02,2018-08-30 18:18:39.800121+02
951,LP 550-2,t,474,2017-05-02 14:09:24+02,2018-08-30 18:18:40.848219+02
954,LP 570-4,t,474,2017-05-02 14:09:24+02,2018-08-30 18:18:41.239681+02
955,LP 580-2,t,476,2017-05-02 14:09:24+02,2018-08-30 18:18:42.119915+02
956,LP 610-4,t,476,2017-05-02 14:09:24+02,2018-08-30 18:18:42.519978+02
958,LP 640,t,477,2017-05-02 14:09:24+02,2018-08-30 18:18:43.428233+02
959,110,t,478,2017-05-02 14:09:24+02,2018-08-30 18:18:44.339965+02
962,90,t,478,2017-05-02 14:09:24+02,2018-08-30 18:18:44.720196+02
963,Sport,t,480,2017-05-02 14:09:24+02,2018-08-30 18:18:45.627935+02
965,Evoque,t,485,2017-05-02 14:09:24+02,2018-08-30 18:18:47.379783+02
mercedes-benz-glc-300,GLC300,t,1167,2018-03-12 15:28:22.452+01,2018-08-30 18:19:08.187842+02
mercedes-benz-slc-200,200,t,mercedes-benz-slc,2018-03-12 15:12:31.265+01,2018-08-30 18:19:59.499852+02
mercedes-benz-slc-300,300,t,mercedes-benz-slc,2018-03-12 15:12:31.265+01,2018-08-30 18:19:59.899853+02
94,"",t,667,2017-05-02 14:09:24+02,2018-08-30 18:20:09.239912+02
96,"",t,734,2017-05-02 14:09:24+02,2018-08-30 18:20:32.479783+02
tesla_model_s_,"",t,tesla_model_s,2018-05-24 12:31:32.568+02,2018-05-24 12:31:32.568+02
tesla_model_x_,"",t,tesla_model_x,2018-05-24 12:31:32.568+02,2018-05-24 12:31:32.568+02
s-class-s560,S560,t,607,2018-07-31 10:44:14.644823+02,2018-07-31 10:44:14.644823+02
s-class-s450,S450,t,607,2018-07-31 10:44:27.34675+02,2018-07-31 10:44:27.34675+02
mercedes-benz-gls-63,GLS63,t,mercedes-benz-gls-class,2018-08-15 12:35:01.815266+02,2018-08-15 12:35:01.815266+02
589,"",t,1051,2017-05-02 14:09:26+02,2018-08-30 18:15:59.771904+02
472,"",t,12,2017-05-02 14:09:23+02,2018-08-30 18:16:00.432177+02
46,"",t,13,2017-05-02 14:09:26+02,2018-08-30 18:16:00.812066+02
252,"",t,14,2017-05-02 14:09:23+02,2018-08-30 18:16:01.198896+02
108,"",t,16,2017-05-02 14:09:23+02,2018-08-30 18:16:01.991941+02
69,"",t,17,2017-05-02 14:09:23+02,2018-08-30 18:16:02.371811+02
690,QV,t,18,2017-05-02 14:09:23+02,2018-08-30 18:16:03.172117+02
14,"",t,19,2017-05-02 14:09:23+02,2018-08-30 18:16:03.5519+02
291,"",t,21,2017-05-02 14:09:23+02,2018-08-30 18:16:04.351844+02
432,"",t,22,2017-05-02 14:09:23+02,2018-08-30 18:16:05.871966+02
75,"",t,23,2017-05-02 14:09:23+02,2018-08-30 18:16:06.61188+02
143,"",t,25,2017-05-02 14:09:23+02,2018-08-30 18:16:06.99182+02
1280,S,t,27,2017-05-02 14:09:25+02,2018-08-30 18:16:07.772323+02
211,"",t,36,2017-05-02 14:09:23+02,2018-08-30 18:16:11.071671+02
436,"",t,37,2017-05-02 14:09:23+02,2018-08-30 18:16:11.452147+02
500,"",t,41,2017-05-02 14:09:23+02,2018-08-30 18:16:12.271699+02
134,"",t,42,2017-05-02 14:09:23+02,2018-08-30 18:16:12.671523+02
155,"",t,53,2017-05-02 14:09:23+02,2018-08-30 18:16:17.418819+02
329,"",t,63,2017-05-02 14:09:23+02,2018-08-30 18:16:22.951886+02
699,Flying Spur,t,63,2017-05-02 14:09:23+02,2018-08-30 18:16:23.351989+02
710,228i,t,71,2017-05-02 14:09:23+02,2018-08-30 18:16:30.859068+02
718,328i,t,72,2017-05-02 14:09:23+02,2018-08-30 18:16:35.012109+02
731,535i,t,75,2017-05-02 14:09:23+02,2018-08-30 18:16:39.879853+02
741,730Li,t,81,2017-05-02 14:09:23+02,2018-08-30 18:16:44.138643+02
748,750Li,t,81,2017-05-02 14:09:23+02,2018-08-30 18:16:46.900173+02
119,"",t,86,2017-05-02 14:09:23+02,2018-08-30 18:16:49.011793+02
91,"",t,92,2017-05-02 14:09:23+02,2018-08-30 18:16:50.658828+02
225,"",t,96,2017-05-02 14:09:23+02,2018-08-30 18:16:51.49144+02
161,"",t,129,2017-05-02 14:09:23+02,2018-08-30 18:16:55.691782+02
387,"",t,135,2017-05-02 14:09:23+02,2018-08-30 18:16:57.019008+02
395,"",t,136,2017-05-02 14:09:23+02,2018-08-30 18:16:57.431981+02
640,"",t,1108,2017-05-02 14:09:23+02,2018-08-30 18:16:58.799481+02
102,"",t,172,2017-05-02 14:09:23+02,2018-08-30 18:17:04.491929+02
808,C,t,201,2017-05-02 14:09:23+02,2018-08-30 18:17:12.49182+02
98,"",t,208,2017-05-02 14:09:23+02,2018-08-30 18:17:14.271419+02
1464,"",t,dodge-journey,2017-05-02 14:09:26+02,2018-08-30 18:17:27.537775+02
832,Modena,t,253,2017-05-02 14:09:23+02,2018-08-30 18:17:29.137974+02
833,Italia,t,256,2017-05-02 14:09:23+02,2018-08-30 18:17:29.917992+02
834,Speciale,t,256,2017-05-02 14:09:23+02,2018-08-30 18:17:30.31804+02
835,Spider,t,256,2017-05-02 14:09:23+02,2018-08-30 18:17:30.717669+02
843,GTB,t,259,2017-05-02 14:09:23+02,2018-08-30 18:17:31.517897+02
233,"",t,261,2017-05-02 14:09:23+02,2018-08-30 18:17:32.438066+02
110,"",t,268,2017-05-02 14:09:23+02,2018-08-30 18:17:36.537811+02
54,"",t,290,2017-05-02 14:09:23+02,2018-08-30 18:17:43.278072+02
31,"",t,312,2017-05-02 14:09:23+02,2018-08-30 18:17:49.31765+02
864,GT,t,312,2017-05-02 14:09:23+02,2018-08-30 18:17:49.69787+02
128,"",t,342,2017-05-02 14:09:23+02,2018-08-30 18:17:55.738+02
48,"",t,428,2017-05-02 14:09:23+02,2018-08-30 18:18:22.960047+02
87,"",t,431,2017-05-02 14:09:23+02,2018-08-30 18:18:23.759746+02
933,R,t,436,2017-05-02 14:09:23+02,2018-08-30 18:18:26.19999+02
1485,R,t,koenigsegg-agera,2017-05-02 14:09:26+02,2018-08-30 18:18:38.579805+02
964,Sport,t,485,2017-05-02 14:09:24+02,2018-08-30 18:18:46.980158+02
1003,MC Stradale,t,543,2017-05-02 14:09:24+02,2018-08-30 18:18:58.107852+02
1030,C63,t,580,2017-05-02 14:09:24+02,2018-08-30 18:19:17.279829+02
1082,G500,t,597,2017-05-02 14:09:24+02,2018-08-30 18:19:34.239718+02
1084,G63,t,597,2017-05-02 14:09:24+02,2018-08-30 18:19:35.039922+02
1154,SLK350,t,612,2017-05-02 14:09:24+02,2018-08-30 18:19:55.119968+02
mercedes-benz-v-class-v250,V250,t,617,2018-01-29 11:30:24.885+01,2018-08-30 18:19:57.359991+02
1384,Clubman,t,634,2017-05-02 14:09:25+02,2018-08-30 18:20:02.439549+02
1522,"",t,nissan-titan,2017-05-02 14:09:26+02,2018-08-30 18:20:21.059928+02
50,"",t,757,2017-05-02 14:09:24+02,2018-08-30 18:20:36.547777+02
171,"",t,793,2017-05-02 14:09:24+02,2018-08-30 18:20:47.199622+02
1562,"",t,toyota-tundra,2017-05-02 14:09:26+02,2018-08-30 18:21:17.919656+02
mercedes-benz-e53,E53,t,591,2018-09-05 13:36:04.459368+02,2018-09-05 13:36:04.459368+02
1137,S63,t,607,2017-05-02 14:09:24+02,2018-08-30 18:19:48.959894+02
mg-360-,"",t,mg-360,2018-12-03 14:47:48.536919+01,2018-12-03 14:47:48.536919+01
mazda-cx3-,"",t,mazda-cx3,2018-12-03 14:47:48.536919+01,2018-12-03 14:47:48.536919+01
toyota-rush-,"",t,toyota-rush,2018-12-03 14:47:48.536919+01,2018-12-03 14:47:48.536919+01
nissan-kicks-,"",t,nissan-kicks,2018-12-03 14:47:48.536919+01,2019-02-19 16:13:05.808518+01
alfa-romeo_guilia-quadrifoglio_,"",t,alfa-romeo_guilia-quadrifoglio,2019-02-28 10:35:52.456892+01,2019-02-28 10:35:52.456892+01
alfa-romeo_guilia_,"",t,alfa-romeo_guilia,2019-02-28 10:35:52.456892+01,2019-02-28 10:35:52.456892+01
alfa-romeo_stelvio-quadrifoglio_,"",t,alfa-romeo_stelvio-quadrifoglio,2019-02-28 10:35:52.456892+01,2019-02-28 10:35:52.456892+01
alfa-romeo_stelvio_,"",t,alfa-romeo_stelvio,2019-02-28 10:35:52.456892+01,2019-02-28 10:35:52.456892+01
maserati-levante-,"",t,maserati-levante,2019-05-21 15:51:30.513771+02,2019-05-21 15:51:30.513771+02
lincoln-nautilus-,"",t,lincoln-nautilus,2019-05-21 15:51:30.513771+02,2019-05-22 20:28:06.691329+02
jaguar-e-pace-,"",t,jaguar-e-pace,2019-05-23 09:39:48.473177+02,2019-05-23 09:39:48.473177+02
volvo_s90_,"",t,volvo_s90,2019-06-10 16:56:29.678355+02,2019-06-10 16:56:29.678355+02
mercedes-benz-a200,A200,t,576,2019-07-12 15:57:12.633077+02,2019-07-12 15:57:48.494323+02
lexus-ux-200,200,t,lexus-ux,2019-07-15 10:49:42.66405+02,2019-07-15 10:49:42.66405+02
